"id"	"answertype"	"question"	"sparql"
"1"	"resource"	"Give me all cosmonauts."	" PREFIX rdf: <http://www.w3.org/1999/02/22-rdf-syntax-ns#> PREFIX dbo: <http://dbpedia.org/ontology/> PREFIX res: <http://dbpedia.org/resource/> SELECT DISTINCT ?uri WHERE { ?uri rdf:type dbo:Astronaut . { ?uri dbo:nationality res:Russia . } UNION { ?uri dbo:nationality res:Soviet_Union . } } "
"10"	"resource"	"In which country does the Ganges start?"	" PREFIX dbo: <http://dbpedia.org/ontology/> PREFIX res: <http://dbpedia.org/resource/> SELECT DISTINCT ?uri WHERE { res:Ganges dbo:sourceCountry ?uri .} "
"100"	"date"	"When is the movie Worst Case Scenario going to be in cinemas in the Netherlands?"	"OUT OF SCOPE"
"101"	"resource"	"Which German cities have more than 250000 inhabitants?"	" PREFIX dbo: <http://dbpedia.org/ontology/> PREFIX res: <http://dbpedia.org/resource/> PREFIX rdf: <http://www.w3.org/1999/02/22-rdf-syntax-ns#> SELECT DISTINCT ?uri WHERE { { ?uri rdf:type dbo:City . } UNION { ?uri rdf:type dbo:Town . } ?uri dbo:country res:Germany . ?uri dbo:populationTotal ?population . FILTER ( ?population > 250 ) } "
"102"	"resource"	"Who was John F. Kennedy's vice president?"	" PREFIX dbo: <http://dbpedia.org/ontology/> PREFIX res: <http://dbpedia.org/resource/> SELECT DISTINCT ?uri WHERE { res:John_F._Kennedy dbo:vicePresident ?uri . } "
"103"	"resource"	"Who is the mayor of Berlin?"	" PREFIX dbo: <http://dbpedia.org/ontology/> PREFIX res: <http://dbpedia.org/resource/> SELECT DISTINCT ?uri WHERE { res:Berlin dbo:leader ?uri . } "
"104"	"number"	"How many students does the Free University in Amsterdam have?"	" PREFIX dbo: <http://dbpedia.org/ontology/> PREFIX res: <http://dbpedia.org/resource/> SELECT DISTINCT ?num WHERE { res:VU_University_Amsterdam dbo:numberOfStudents ?num . } "
"105"	"resource"	"What is the second highest mountain on Earth?"	" PREFIX dbo: <http://dbpedia.org/ontology/> PREFIX rdf: <http://www.w3.org/1999/02/22-rdf-syntax-ns#> SELECT DISTINCT ?uri WHERE { ?uri rdf:type dbo:Mountain . ?uri dbo:elevation ?elevation . } ORDER BY DESC(?elevation) OFSET 1 LIMIT 1 "
"106"	"resource"	"Give me all professional skateboarders from Sweden."	" PREFIX dbo: <http://dbpedia.org/ontology/> PREFIX res: <http://dbpedia.org/resource/> SELECT DISTINCT ?uri WHERE { ?uri dbo:occupation res:Skateboarding . { ?uri dbo:birthPlace res:Sweden . } UNION { ?uri dbo:birthPlace ?place . ?place dbo:country res:Sweden . } } "
"107"	"date"	"When was Alberta admitted as province?"	" PREFIX dbp: <http://dbpedia.org/property/> PREFIX res: <http://dbpedia.org/resource/> SELECT DISTINCT ?date WHERE { res:Alberta dbp:admitancedate ?date . } "
"108"	"resource"	"To which countries does the Himalayan mountain system extend?"	" PREFIX dbp: <http://dbpedia.org/property/> PREFIX res: <http://dbpedia.org/resource/> SELECT DISTINCT ?uri WHERE { res:Himalayas dbp:country ?uri . } "
"109"	"resource"	"Give me a list of all bandleaders that play trumpet."	" PREFIX dbo: <http://dbpedia.org/ontology/> PREFIX res: <http://dbpedia.org/resource/> SELECT DISTINCT ?uri WHERE { ?uri dbo:occupation res:Bandleader . ?uri dbo:instrument res:Trumpet . } "
"11"	"resource"	"Which countries have more than ten caves?"	" PREFIX dbo: <http://dbpedia.org/ontology/> PREFIX rdf: <http://www.w3.org/1999/02/22-rdf-syntax-ns#> SELECT DISTINCT ?uri WHERE { ?uri rdf:type dbo:Country . ?cave rdf:type dbo:Cave . { ?cave dbo:location ?uri . } UNION { ?cave dbo:location ?loc . ?loc dbo:country ?uri . } } GROUP BY ?uri HAVING(COUNT(?cave) > 10) "
"110"	"number"	"What is the total amount of men and women serving in the FDNY?"	" PREFIX dbp: <http://dbpedia.org/property/> PREFIX res: <http://dbpedia.org/resource/> SELECT DISTINCT ?num WHERE { res:New_York_City_Fire_Department dbp:employes ?num . } "
"200"	"resource"	"Who produces Orangina?"	" PREFIX dbo: <http://dbpedia.org/ontology/> PREFIX res: <http://dbpedia.org/resource/> SELECT DISTINCT ?uri WHERE { ?uri dbo:product res:Orangina . }"
"111"	"resource"	"Who is the Formula 1 race driver with the most races?"	" PREFIX dbo: <http://dbpedia.org/ontology/> PREFIX res: <http://dbpedia.org/resource/> PREFIX rdf: <http://www.w3.org/1999/02/22-rdf-syntax-ns#> SELECT DISTINCT ?uri WHERE { ?uri rdf:type dbo:FormulaOneRacer . ?uri dbo:races ?x . } ORDER BY DESC(?x) OFSET 0 LIMIT 1 "
"112"	"resource"	"Give me all world heritage sites designated within the past two years."	" PREFIX dbo: <http://dbpedia.org/ontology/> PREFIX dbp: <http://dbpedia.org/property/> PREFIX rdf: <http://www.w3.org/1999/02/22-rdf-syntax-ns#> PREFIX xsd: <http://w.w3.org/201/XMLSchema#> SELECT DISTINCT ?uriWHERE { ?uri rdf:type dbo:WorldHeritageSite . { ?uri dbp:year '2013'^xsd:integer . } UNION { ?uri dbp:year '2014'^xsd:integer . } "
"113"	"resource"	"Who is the youngest player in the Premier League?"	" PREFIX dbo: <http://dbpedia.org/ontology/> PREFIX res: <http://dbpedia.org/resource/> SELECT DISTINCT ?uri WHERE { ?uri dbo:team ?x . ?x dbo:league res:Premier_League . ?uri dbo:birthDate ?y . } ORDER BY DESC(?y) OFSET 0 LIMIT 1 "
"114"	"resource"	"Give me all members of Prodigy."	" PREFIX dbo: <http://dbpedia.org/ontology/> PREFIX res: <http://dbpedia.org/resource/> SELECT DISTINCT ?uri WHERE { res:The_Prodigy dbo:bandMember ?uri . } "
"115"	"resource"	"What is the longest river?"	" PREFIX dbo: <http://dbpedia.org/ontology/> PREFIX dbp: <http://dbpedia.org/property/> PREFIX rdf: <http://www.w3.org/1999/02/22-rdf-syntax-ns#> SELECT DISTINCT ?uri WHERE { ?uri rdf:type dbo:River . { ?uri dbo:length ?l . } UNION { ?uri dbp:length ?l . } } ORDER BY DESC(?l) OFSET 0 LIMIT 1 "
"116"	"boolean"	"Does Breaking Bad have more episodes than Game of Thrones?"	" PREFIX dbo: <http://dbpedia.org/ontology/> PREFIX res: <http://dbpedia.org/resource/> ASK WHERE { res:Breaking_Bad dbo:numberOfEpisodes ?x . res:Game_of_Thrones dbo:numberOfEpisodes ?y . FILTER (?x > ?y) } "
"117"	"resource"	"Give me all cars that are produced in Germany."	" PREFIX dbo: <http://dbpedia.org/ontology/> PREFIX dbp: <http://dbpedia.org/property/> PREFIX res: <http://dbpedia.org/resource/> PREFIX rdf: <http://www.w3.org/1999/02/22-rdf-syntax-ns#> SELECT DISTINCT ?uri WHERE { ?uri rdf:type dbo:Automobile . { ?uri dbo:assembly res:Germany . } UNION { ?uri dbp:asembly res:Germany . } UNION { { ?uri dbo:manufacturer ?x . } UNION { ?uri dbp:manufacturer ?x . } { ?x dbo:locationCountry res:Germany . } UNION { ?x dbo:location res:Germany . } } } "
"118"	"resource"	"What were the main discoveries of the Mars rover Curiosity?"	"OUT OF SCOPE"
"119"	"resource"	"Give me all people that were born in Vienna and died in Berlin."	" PREFIX dbo: <http://dbpedia.org/ontology/> PREFIX res: <http://dbpedia.org/resource/> SELECT DISTINCT ?uri WHERE { ?uri dbo:birthPlace res:Vienna . ?uri dbo:deathPlace res:Berlin . } "
"12"	"boolean"	"Is proinsulin a protein?"	" PREFIX dbo: <http://dbpedia.org/ontology/> PREFIX res: <http://dbpedia.org/resource/> PREFIX rdf: <http://www.w3.org/1999/02/22-rdf-syntax-ns#> ASK WHERE { res:Proinsulin rdf:type dbo:Protein . } "
"120"	"number"	"How tall is Michael Jordan?"	" PREFIX dbo: <http://dbpedia.org/ontology/> PREFIX res: <http://dbpedia.org/resource/> SELECT DISTINCT ?num WHERE { res:Michael_Jordan dbo:height ?num . } "
"121"	"resource"	"What is the capital of Canada?"	" PREFIX dbo: <http://dbpedia.org/ontology/> PREFIX res: <http://dbpedia.org/resource/> SELECT DISTINCT ?uri WHERE { res:Canada dbo:capital ?uri . } "
"122"	"resource"	"Who is the governor of Wyoming?"	" PREFIX res: <http://dbpedia.org/resource/> PREFIX dbp: <http://dbpedia.org/property/> SELECT DISTINCT ?uri WHERE { res:Wyoming dbp:governor ?uri . } "
"123"	"boolean"	"Do Prince Harry and Prince William have the same parents?"	" PREFIX dbo: <http://dbpedia.org/ontology/> ASKWHERE { <http://dbpedia.org/resource/Prince_Wiliam,_Duke_of_Cambridge> dbo:parent ?x . <http://dbpedia.org/resource/Prince_Hary> dbo:parent ?x .} "
"124"	"resource"	"Who was the father of Queen Elizabeth II?"	" PREFIX res: <http://dbpedia.org/resource/> PREFIX dbp: <http://dbpedia.org/property/> SELECT DISTINCT ?uri WHERE { res:Elizabeth_I dbp:father ?uri . } "
"125"	"resource"	"Which U.S. state has been admitted latest?"	" PREFIX dbp: <http://dbpedia.org/property/> PREFIX yago: <http://dbpedia.org/clas/yago/> PREFIX rdf: <http://www.w3.org/1999/02/22-rdf-syntax-ns#> SELECT DISTINCT ?uri WHERE { ?uri rdf:type yago:StatesOfTheUnitedStates . ?uri dbp:admitancedate ?x . } ORDER BY DESC(?x) OFSET 0 LIMIT 1 "
"126"	"number"	"How many languages are spoken in Turkmenistan?"	" PREFIX dbo: <http://dbpedia.org/ontology/> PREFIX res: <http://dbpedia.org/resource/> SELECT COUNT(DISTINCT ?x) WHERE { res:Turkmenistan dbo:language ?x . } "
"127"	"resource"	"Sean Parnell is the governor of which U.S. state?"	" PREFIX yago: <http://dbpedia.org/clas/yago/> PREFIX dbp: <http://dbpedia.org/property/> PREFIX res: <http://dbpedia.org/resource/> PREFIX rdf: <http://www.w3.org/1999/02/22-rdf-syntax-ns#> SELECT DISTINCT ?uri WHERE { ?uri rdf:type yago:StatesOfTheUnitedStates . ?uri dbp:governor res:Sean_Parnel . } "
"128"	"resource"	"Give me all movies directed by Francis Ford Coppola."	" PREFIX dbo: <http://dbpedia.org/ontology/> PREFIX res: <http://dbpedia.org/resource/> PREFIX rdf: <http://www.w3.org/1999/02/22-rdf-syntax-ns#> SELECT DISTINCT ?uri WHERE { ?uri rdf:type dbo:Film . ?uri dbo:director res:Francis_Ford_Coppola . } "
"129"	"resource"	"Give me all actors starring in movies directed by William Shatner."	" PREFIX dbo: <http://dbpedia.org/ontology/> PREFIX dbp: <http://dbpedia.org/property/> PREFIX res: <http://dbpedia.org/resource/> SELECT DISTINCT ?uri WHERE { ?x dbo:director res:William_Shatner . ?x dbo:starring ?uri . } "
"13"	"boolean"	"Are tree frogs a type of amphibian?"	" PREFIX dbo: <http://dbpedia.org/ontology/> PREFIX res: <http://dbpedia.org/resource/> ASK WHERE { res:Hylidae dbo:clas res:Amphibian . } "
"130"	"string"	"What is the birth name of Angela Merkel?"	" PREFIX dbp: <http://dbpedia.org/property/> PREFIX res: <http://dbpedia.org/resource/> SELECT DISTINCT ?string WHERE { res:Angela_Merkel dbp:birthName ?string . } "
"131"	"resource"	"Give me all Methodist politicians."	" PREFIX dbo: <http://dbpedia.org/ontology/> PREFIX res: <http://dbpedia.org/resource/> PREFIX rdf: <http://www.w3.org/1999/02/22-rdf-syntax-ns#> SELECT DISTINCT ?uri WHERE { ?uri rdf:type dbo:Politician . ?uri dbo:religion res:Methodism . } "
"132"	"number"	"How often did Jane Fonda marry?"	" PREFIX dbo: <http://dbpedia.org/ontology/> PREFIX res: <http://dbpedia.org/resource/> SELECT COUNT(DISTINCT ?uri) WHERE { res:Jane_Fonda dbo:spouse ?uri . } "
"133"	"resource"	"Give me all Australian nonprofit organizations."	" PREFIX dbo: <http://dbpedia.org/ontology/> PREFIX res: <http://dbpedia.org/resource/> SELECT DISTINCT ?uri WHERE { ?uri dbo:type res:Nonprofit_organization . { ?uri dbo:locationCountry res:Australia . } UNION { ?uri dbo:location ?x . ?x dbo:country res:Australia . } } "
"134"	"resource"	"In which military conflicts did Lawrence of Arabia participate?"	" PREFIX dbo: <http://dbpedia.org/ontology/> PREFIX res: <http://dbpedia.org/resource/> SELECT DISTINCT ?uri WHERE { res:T._E._Lawrence dbo:battle ?uri . } "
"135"	"resource"	"Who developed Minecraft?"	" PREFIX dbo: <http://dbpedia.org/ontology/> PREFIX res: <http://dbpedia.org/resource/> SELECT DISTINCT ?uri WHERE { res:Minecraft dbo:developer ?uri . } "
"136"	"number"	"What is the melting point of copper?"	"OUT OF SCOPE"
"137"	"resource"	"Give me all sister cities of Brno."	"OUT OF SCOPE"
"138"	"number"	"How many inhabitants does Maribor have?"	" PREFIX dbo: <http://dbpedia.org/ontology/> PREFIX res: <http://dbpedia.org/resource/> SELECT DISTINCT ?num WHERE { res:Maribor dbo:populationTotal ?num . } "
"139"	"resource"	"Give me all companies in Munich."	" PREFIX dbo: <http://dbpedia.org/ontology/> PREFIX res: <http://dbpedia.org/resource/> PREFIX rdf: <http://www.w3.org/1999/02/22-rdf-syntax-ns#> SELECT DISTINCT ?uri WHERE { ?uri rdf:type dbo:Company . { ?uri dbo:location res:Munich . } UNION { ?uri dbo:headquarter res:Munich . } UNION { ?uri dbo:locationCity res:Munich . } } "
"14"	"number"	"How tall is Claudia Schiffer?"	" PREFIX res: <http://dbpedia.org/resource/> PREFIX dbo: <http://dbpedia.org/ontology/> SELECT DISTINCT ?height WHERE { res:Claudia_Schiffer dbo:height ?height . } "
"140"	"resource"	"List all games by GMT."	" PREFIX dbo: <http://dbpedia.org/ontology/> PREFIX res: <http://dbpedia.org/resource/> SELECT DISTINCT ?uri WHERE { ?uri dbo:publisher res:GMT_Games . } "
"141"	"resource"	"Who founded Intel?"	" PREFIX dbo: <http://dbpedia.org/ontology/> PREFIX res: <http://dbpedia.org/resource/> SELECT DISTINCT ?uri WHERE { res:Intel dbo:foundedBy ?uri . } "
"142"	"resource"	"Who is the husband of Amanda Palmer?"	" PREFIX dbp: <http://dbpedia.org/property/> PREFIX res: <http://dbpedia.org/resource/> SELECT DISTINCT ?uri WHERE { res:Amanda_Palmer dbp:spouse ?uri . } "
"143"	"resource"	"Give me all breeds of the German Shepherd dog."	" PREFIX dbp: <http://dbpedia.org/property/> PREFIX res: <http://dbpedia.org/resource/> SELECT DISTINCT ?uri WHERE { ?uri dbp:bred res:German_Shepherd . } "
"144"	"resource"	"Which cities does the Weser flow through?"	" PREFIX dbo: <http://dbpedia.org/ontology/> PREFIX res: <http://dbpedia.org/resource/> SELECT DISTINCT ?uri WHERE { res:Weser dbo:city ?uri . } "
"145"	"resource"	"Which countries are connected by the Rhine?"	" PREFIX dbo: <http://dbpedia.org/ontology/> PREFIX dbp: <http://dbpedia.org/property/> PREFIX res: <http://dbpedia.org/resource/> PREFIX rdf: <http://www.w3.org/1999/02/22-rdf-syntax-ns#> PREFIX rdfs: <http://w.w3.org/20/01/rdf-schema#> SELECT DISTINCT ?uri WHERE { res:Rhine dbp:country ?string . ?uri rdf:type dbo:Country . ?uri rdfs:label ?string . } "
"146"	"resource"	"Which professional surfers were born in Australia?"	" PREFIX dbo: <http://dbpedia.org/ontology/> PREFIX res: <http://dbpedia.org/resource/> SELECT DISTINCT ?uri WHERE { ?uri dbo:occupation res:Surfing . { ?uri dbo:birthPlace res:Australia . } UNION { ?uri dbo:birthPlace ?x . ?x dbo:country res:Australia . } "
"147"	"number"	"What is the average temperature on Hawaii?"	"OUT OF SCOPE"
"148"	"resource"	"In which UK city are the headquarters of the MI6?"	" PREFIX res: <http://dbpedia.org/resource/> PREFIX dbo: <http://dbpedia.org/ontology/> PREFIX rdf: <http://www.w3.org/1999/02/22-rdf-syntax-ns#>SELECT DISTINCT ?uri WHERE { res:Secret_Intelligence_Service dbo:headquarter ?uri . ?uri dbo:country res:United_Kingdom . } "
"149"	"resource"	"Which other weapons did the designer of the Uzi develop?"	" PREFIX dbo: <http://dbpedia.org/ontology/> PREFIX dbp: <http://dbpedia.org/property/> PREFIX res: <http://dbpedia.org/resource/> PREFIX rdf: <http://www.w3.org/1999/02/22-rdf-syntax-ns#> SELECT DISTINCT ?uri WHERE { ?uri rdf:type dbo:Weapon . ?uri dbp:designer ?x . res:Uzi dbp:designer ?x . FILTER (?uri != res:Uzi) } "
"15"	"resource"	"Who created Goofy?"	" PREFIX dbo: <http://dbpedia.org/ontology/> PREFIX res: <http://dbpedia.org/resource/> SELECT DISTINCT ?uri WHERE { res:Goofy dbo:creator ?uri . } "
"150"	"boolean"	"Was the Cuban Missile Crisis earlier than the Bay of Pigs Invasion?"	" PREFIX dbo: <http://dbpedia.org/ontology/> PREFIX res: <http://dbpedia.org/resource/> ASK WHERE { res:Cuban_missile_crisis dbo:date ?x . res:Bay_of_Pigs_Invasion dbo:date ?y . FILTER (?x < ?y) } "
"151"	"resource"	"Give me all islands that belong to Japan."	" PREFIX dbo: <http://dbpedia.org/ontology/> PREFIX res: <http://dbpedia.org/resource/> PREFIX rdf: <http://www.w3.org/1999/02/22-rdf-syntax-ns#> SELECT DISTINCT ?uri WHERE { ?uri rdf:type dbo:Island . ?uri dbo:country res:Japan . } "
"152"	"resource"	"Who invented the zipper?"	"OUT OF SCOPE"
"153"	"resource"	"What is the ruling party in Lisbon?"	" PREFIX dbp: <http://dbpedia.org/property/> PREFIX res: <http://dbpedia.org/resource/> SELECT DISTINCT ?uri WHERE { res:Lisbon dbp:leaderParty ?uri . } "
"154"	"string"	"What are the nicknames of San Francisco?"	" PREFIX dbp: <http://dbpedia.org/property/> PREFIX res: <http://dbpedia.org/resource/> SELECT DISTINCT ?string WHERE { res:San_Francisco dbp:nickname ?string . } "
"155"	"resource"	"Which Greek goddesses dwelt on Mount Olympus?"	" PREFIX dbp: <http://dbpedia.org/property/> PREFIX res: <http://dbpedia.org/resource/> PREFIX yago: <http://dbpedia.org/clas/yago/> PREFIX rdf: <http://www.w3.org/1999/02/22-rdf-syntax-ns#> SELECT DISTINCT ?uri WHERE { ?uri rdf:type yago:GrekGodeses . ?uri dbp:abode res:Mount_Olympus . } "
"156"	"date"	"When were the Hells Angels founded?"	" PREFIX dbp: <http://dbpedia.org/property/> PREFIX res: <http://dbpedia.org/resource/> SELECT DISTINCT ?date WHERE { res:Hells_Angels dbp:founded ?date . } "
"157"	"resource"	"Give me all Apollo 14 astronauts."	" PREFIX dbo: <http://dbpedia.org/ontology/> PREFIX res: <http://dbpedia.org/resource/> SELECT DISTINCT ?uri WHERE { ?uri dbo:mission res:Apollo_14 . } "
"158"	"resource"	"What is the time zone of Salt Lake City?"	" PREFIX res: <http://dbpedia.org/resource/> PREFIX dbp: <http://dbpedia.org/property/> SELECT DISTINCT ?uri WHERE { res:Salt_Lake_City dbp:timezone ?uri . } "
"159"	"resource"	"Which U.S. states are in the same time zone as Utah?"	" PREFIX res: <http://dbpedia.org/resource/> PREFIX dbp: <http://dbpedia.org/property/> PREFIX yago: <http://dbpedia.org/clas/yago/> PREFIX rdf: <http://www.w3.org/1999/02/22-rdf-syntax-ns#> SELECT DISTINCT ?uri WHERE { res:Utah dbp:timezone ?x . ?uri rdf:type yago:StatesOfTheUnitedStates . ?uri dbp:timezone ?x . FILTER (?uri != res:Utah) } "
"16"	"resource"	"Give me the capitals of all countries in Africa."	" PREFIX dbo: <http://dbpedia.org/ontology/> PREFIX yago: <http://dbpedia.org/clas/yago/> PREFIX rdf: <http://www.w3.org/1999/02/22-rdf-syntax-ns#> SELECT DISTINCT ?uri WHERE { ?states rdf:type yago:AfricanCountries . ?states dbo:capital ?uri . } "
"160"	"resource"	"Give me a list of all lakes in Denmark."	" PREFIX dbo: <http://dbpedia.org/ontology/> PREFIX res: <http://dbpedia.org/resource/> PREFIX yago: <http://dbpedia.org/clas/yago/> PREFIX rdf: <http://www.w3.org/1999/02/22-rdf-syntax-ns#> SELECT DISTINCT ?uri WHERE { { ?uri rdf:type dbo:Lake . ?uri dbo:country res:Denmark . } UNION { ?uri rdf:type yago:LakesOfDenmark . } } "
"161"	"number"	"How many missions does the Soyuz programme have?"	" PREFIX dbp: <http://dbpedia.org/property/> PREFIX res: <http://dbpedia.org/resource/> SELECT COUNT(DISTINCT ?uri)WHERE { ?uri dbp:programe res:Soyuz_programme . } "
"162"	"boolean"	"Did Socrates influence Aristotle?"	" PREFIX dbo: <http://dbpedia.org/ontology/> PREFIX res: <http://dbpedia.org/resource/> ASK WHERE { res:Socrates dbo:influenced res:Aristotle . } "
"163"	"resource"	"Give me all Danish movies."	" PREFIX dbo: <http://dbpedia.org/ontology/> PREFIX res: <http://dbpedia.org/resource/> PREFIX rdf: <http://www.w3.org/1999/02/22-rdf-syntax-ns#> SELECT DISTINCT ?uri WHERE { ?uri rdf:type dbo:Film . ?uri dbo:country res:Denmark . } "
"164"	"list"	"Give me all launch pads operated by NASA."	" PREFIX dbo: <http://dbpedia.org/ontology/> PREFIX res: <http://dbpedia.org/resource/> PREFIX rdf: <http://www.w3.org/1999/02/22-rdf-syntax-ns#> SELECT DISTINCT ?uri WHERE { ?uri rdf:type dbo:LaunchPad . ?uri dbo:operator res:NASA . } "
"165"	"resource"	"Which instruments does Cat Stevens play?"	" PREFIX dbo: <http://dbpedia.org/ontology/> PREFIX res: <http://dbpedia.org/resource/> SELECT DISTINCT ?uri WHERE { res:Cat_Stevens dbo:instrument ?uri . } "
"166"	"resource"	"Which ships were called after Benjamin Franklin?"	" PREFIX res: <http://dbpedia.org/resource/> PREFIX dbp: <http://dbpedia.org/property/> SELECT DISTINCT ?uri WHERE { ?uri dbp:shipNamesake res:Benjamin_Franklin . } "
"167"	"resource"	"Who are the parents of the wife of Juan Carlos I?"	" PREFIX dbo: <http://dbpedia.org/ontology/> PREFIX res: <http://dbpedia.org/resource/> SELECT DISTINCT ?uri WHERE { res:Juan_Carlos_I_of_Spain dbo:spouse ?x . ?x dbo:parent ?uri . } "
"168"	"number"	"How many employees does Google have?"	" PREFIX res: <http://dbpedia.org/resource/> PREFIX dbo: <http://dbpedia.org/ontology/> SELECT DISTINCT ?num WHERE { res:Google dbo:numberOfEmployees ?num . } "
"169"	"boolean"	"Did Tesla win a nobel prize in physics?"	" PREFIX dbo: <http://dbpedia.org/ontology/> PREFIX res: <http://dbpedia.org/resource/> ASK WHERE { res:Nikola_Tesla dbo:award res:Nobel_Prize_in_Physics . } "
"17"	"resource"	"Give me all cities in New Jersey with more than 100000 inhabitants."	" PREFIX dbo: <http://dbpedia.org/ontology/> PREFIX res: <http://dbpedia.org/resource/> PREFIX rdf: <http://www.w3.org/1999/02/22-rdf-syntax-ns#> SELECT DISTINCT ?uri WHERE { ?uri rdf:type dbo:City . ?uri dbo:isPartOf res:New_Jersey . ?uri dbo:populationTotal ?inhabitants . FILTER (?inhabitants > 10) . } "
"170"	"boolean"	"Is Rita Wilson the wife of Tom Hanks?"	" PREFIX dbo: <http://dbpedia.org/ontology/> PREFIX res: <http://dbpedia.org/resource/> ASK WHERE { res:Tom_Hanks dbo:spouse res:Rita_Wilson . } "
"171"	"date"	"When was the Statue of Liberty built?"	" PREFIX dbp: <http://dbpedia.org/property/> PREFIX res: <http://dbpedia.org/resource/> SELECT DISTINCT ?date WHERE { res:Statue_of_Liberty dbp:beginingDate ?date . } "
"172"	"resource"	"In which U.S. state is Fort Knox located?"	" PREFIX dbo: <http://dbpedia.org/ontology/> PREFIX dbp: <http://dbpedia.org/property/> PREFIX res: <http://dbpedia.org/resource/> SELECT DISTINCT ?uri WHERE { res:Fort_Knox dbp:location ?uri . ?uri dbo:country res:United_States . } "
"173"	"number"	"How many children did Benjamin Franklin have?"	" PREFIX res: <http://dbpedia.org/resource/> PREFIX dbo: <http://dbpedia.org/ontology/> SELECT COUNT(DISTINCT ?uri) WHERE { res:Benjamin_Franklin dbo:child ?uri . } "
"174"	"date"	"When did Michael Jackson die?"	" PREFIX dbo: <http://dbpedia.org/ontology/> PREFIX res: <http://dbpedia.org/resource/> SELECT DISTINCT ?date WHERE { res:Michael_Jackson dbo:deathDate ?date . } "
"175"	"resource"	"Which Chess players died in the same place they were born in?"	" PREFIX dbo: <http://dbpedia.org/ontology/> PREFIX rdf: <http://www.w3.org/1999/02/22-rdf-syntax-ns#> SELECT DISTINCT ?uri WHERE { ?uri rdf:type dbo:ChessPlayer . ?uri dbo:birthPlace ?x . ?uri dbo:deathPlace ?y . FILTER (?x = ?y) . } "
"176"	"resource"	"List the children of Margaret Thatcher."	" PREFIX res: <http://dbpedia.org/resource/> PREFIX dbo: <http://dbpedia.org/ontology/> SELECT DISTINCT ?uri WHERE { res:Margaret_Thatcher dbo:child ?uri . } "
"177"	"resource"	"Who was called Frank The Tank?"	" PREFIX dbp: <http://dbpedia.org/property/> SELECT DISTINCT ?uri WHERE { ?uri dbp:nickname 'Frank The Tank'@en . }"
"178"	"boolean"	"Was Margaret Thatcher a chemist?"	" PREFIX res: <http://dbpedia.org/resource/> PREFIX dbo: <http://dbpedia.org/ontology/> ASK WHERE { res:Margaret_Thatcher dbo:profession res:Chemist . } "
"179"	"boolean"	"Was Marc Chagall a jew?"	"PREFIX dbp: <http://dbpedia.org/property/>PREFIX res: <http://dbpedia.org/resource/>ASK WHERE { res:Marc_Chagal dbp:ethnicity 'Jewish'@en .}"
"18"	"resource"	"Which museum exhibits The Scream by Munch?"	"PREFIX dbo: <http://dbpedia.org/ontology/>PREFIX res: <http://dbpedia.org/resource/>SELECT DISTINCT ?uriWHERE { res:The_Scream dbo:museum ?uri .}"
"180"	"resource"	"Give me all books by William Goldman with more than 300 pages."	"PREFIX dbo: <http://dbpedia.org/ontology/>PREFIX res: <http://dbpedia.org/resource/>PREFIX rdf: <http://www.w3.org/1999/02/22-rdf-syntax-ns#>SELECT DISTINCT ?uri WHERE { ?uri rdf:type dbo:Book . ?uri dbo:author res:William_Goldman . ?uri dbo:numberOfPages ?x . FILTER (?x > 30)}"
"181"	"resource"	"Which books by Kerouac were published by Viking Press?"	"PREFIX dbo: <http://dbpedia.org/ontology/>PREFIX res: <http://dbpedia.org/resource/>PREFIX rdf: <http://www.w3.org/1999/02/22-rdf-syntax-ns#>SELECT DISTINCT ?uri WHERE { ?uri rdf:type dbo:Book . ?uri dbo:publisher res:Viking_Pres . ?uri dbo:author res:Jack_Kerouac .}"
"182"	"resource"	"Give me a list of all American inventions."	"PREFIX yago: <http://dbpedia.org/clas/yago/>PREFIX rdf: <http://www.w3.org/1999/02/22-rdf-syntax-ns#>SELECT DISTINCT ?uri WHERE { ?uri rdf:type yago:AmericanInventions .}"
"183"	"number"	"How high is the Mount Everest?"	"PREFIX dbo: <http://dbpedia.org/ontology/>PREFIX res: <http://dbpedia.org/resource/>SELECT DISTINCT ?num WHERE { res:Mount_Everest dbo:elevation ?num.}"
"184"	"resource"	"Who created the comic Captain America?"	"PREFIX dbo: <http://dbpedia.org/ontology/>PREFIX res: <http://dbpedia.org/resource/>SELECT DISTINCT ?uri WHERE { res:Captain_America dbo:creator ?uri .}"
"185"	"number"	"How many people live in the capital of Australia?"	"PREFIX dbo: <http://dbpedia.org/ontology/>PREFIX res: <http://dbpedia.org/resource/>SELECT DISTINCT ?num WHERE { res:Australia dbo:capital ?x . ?x dbo:populationTotal ?num .}"
"186"	"resource"	"What is the largest city in Australia?"	"PREFIX dbo: <http://dbpedia.org/ontology/>PREFIX res: <http://dbpedia.org/resource/>SELECT DISTINCT ?uri WHERE { res:Australia dbo:largestCity ?uri .}"
"187"	"resource"	"Who composed the music for Harold and Maude?"	"PREFIX res: <http://dbpedia.org/resource/>PREFIX dbo: <http://dbpedia.org/ontology/>SELECT DISTINCT ?uri WHERE { res:Harold_and_Maude dbo:musicComposer ?uri .}"
"188"	"resource"	"Which films starring Clint Eastwood did he direct himself?"	"PREFIX dbo: <http://dbpedia.org/ontology/>PREFIX res: <http://dbpedia.org/resource/>SELECT DISTINCT ?uri WHERE { ?uri dbo:director res:Clint_Eastwood . ?uri dbo:starring res:Clint_Eastwood .}"
"189"	"resource"	"In which city was the former Dutch queen Juliana buried?"	"PREFIX dbo: <http://dbpedia.org/ontology/>PREFIX res: <http://dbpedia.org/resource/>PREFIX rdf: <http://www.w3.org/1999/02/22-rdf-syntax-ns#>SELECT DISTINCT ?uri WHERE { res:Juliana_of_the_Netherlands dbo:restingPlace ?uri. ?uri rdf:type dbo:Settlement .}"
"19"	"boolean"	"Is Egypts largest city also its capital?"	"PREFIX res: <http://dbpedia.org/resource/>PREFIX dbo: <http://dbpedia.org/ontology/>ASK WHERE { res:Egypt dbo:largestCity ?large . res:Egypt dbo:capital ?capital . FILTER (?large = ?capital)}"
"190"	"resource"	"Where is the residence of the prime minister of Spain?"	"PREFIX dbp: <http://dbpedia.org/property/>PREFIX res: <http://dbpedia.org/resource/>SELECT DISTINCT ?uri WHERE { res:Prime_Minister_of_Spain dbp:residence ?uri .}"
"191"	"resource"	"Which U.S. state has the abbreviation MN?"	"PREFIX dbp: <http://dbpedia.org/property/>PREFIX yago: <http://dbpedia.org/clas/yago/>PREFIX rdf: <http://www.w3.org/1999/02/22-rdf-syntax-ns#>SELECT DISTINCT ?uri WHERE { ?uri rdf:type yago:StatesOfTheUnitedStates . ?uri dbp:postalabreviation 'MN'@en .}"
"192"	"resource"	"Show me all songs from Bruce Springsteen released between 1980 and 1990."	"PREFIX dbo: <http://dbpedia.org/ontology/>PREFIX res: <http://dbpedia.org/resource/>PREFIX rdf: <http://www.w3.org/1999/02/22-rdf-syntax-ns#>PREFIX xsd: <http://w.w3.org/201/XMLSchema#>SELECT DISTINCT ?uri WHERE { ?uri rdf:type dbo:Song . ?uri dbo:artist res:Bruce_Springsteen . ?uri dbo:releaseDate ?date . FILTER (?date >= '1980-01-01'^xsd:date & ?date <= '190-12-31'^xsd:date)}"
"193"	"resource"	"Which movies did Kurosawa direct?"	"PREFIX dbo: <http://dbpedia.org/ontology/>PREFIX res: <http://dbpedia.org/resource/>PREFIX rdf: <http://www.w3.org/1999/02/22-rdf-syntax-ns#>SELECT DISTINCT ?uriWHERE { ?uri rdf:type dbo:Film . ?uri dbo:director res:Akira_Kurosawa .}"
"194"	"number"	"What is the founding year of the brewery that produces Pilsner Urquell?"	"PREFIX dbp: <http://dbpedia.org/property/>PREFIX res: <http://dbpedia.org/resource/>SELECT DISTINCT ?num WHERE { res:Pilsner_Urquel dbp:brewery ?uri . ?uri dbp:foundation ?num .}"
"195"	"resource"	"Who wrote the lyrics for the Polish national anthem?"	"PREFIX dbo: <http://dbpedia.org/ontology/>PREFIX dbp: <http://dbpedia.org/property/>PREFIX res: <http://dbpedia.org/resource/>SELECT DISTINCT ?uri WHERE { res:Poland dbo:anthem ?x . ?x dbp:author ?uri .}"
"196"	"string"	"Give me all B-sides of the Ramones."	"PREFIX dbo: <http://dbpedia.org/ontology/>PREFIX res: <http://dbpedia.org/resource/>SELECT DISTINCT ?string WHERE { ?x dbo:musicalArtist res:Ramones . ?x dbo:bSide ?string . }"
"197"	"resource"	"Who painted The Storm on the Sea of Galilee?"	"PREFIX dbo: <http://dbpedia.org/ontology/>PREFIX res: <http://dbpedia.org/resource/>SELECT DISTINCT ?uri WHERE { res:The_Storm_on_the_Sea_of_Galile dbo:author ?uri .}"
"198"	"resource"	"Which country does the creator of Miffy come from?"	"PREFIX dbo: <http://dbpedia.org/ontology/>PREFIX res: <http://dbpedia.org/resource/>SELECT DISTINCT ?uri WHERE { res:Miffy dbo:creator ?x . ?x dbo:nationality ?uri .}"
"199"	"resource"	"For which label did Elvis record his first album?"	"PREFIX dbo: <http://dbpedia.org/ontology/>PREFIX res: <http://dbpedia.org/resource/>PREFIX rdf: <http://www.w3.org/1999/02/22-rdf-syntax-ns#>SELECT DISTINCT ?uri WHERE { ?x rdf:type dbo:Album . ?x dbo:artist res:Elvis_Presley . ?x dbo:releaseDate ?y . ?x dbo:recordLabel ?uri .}ORDER BY ASC(?y) OFSET 0 LIMIT 1"
"2"	"date"	"Give me the birthdays of all actors of the television show Charmed."	"PREFIX dbo: <http://dbpedia.org/ontology/>PREFIX res: <http://dbpedia.org/resource/>SELECT DISTINCT ?date WHERE { res:Charmed dbo:starring ?actor . ?actor dbo:birthDate ?date .}"
"20"	"number"	"How many employees does IBM have?"	"PREFIX dbo: <http://dbpedia.org/ontology/>PREFIX res: <http://dbpedia.org/resource/>SELECT DISTINCT ?number WHERE { res:IBM dbo:numberOfEmployees ?number .}"
"21"	"resource"	"Which states border Illinois?"	"PREFIX res: <http://dbpedia.org/resource/>PREFIX dbp: <http://dbpedia.org/property/>SELECT DISTINCT ?uri WHERE { res:Illinois dbp:borderingstates ?uri .}"
"22"	"resource"	"In which country is the Limerick Lake?"	"PREFIX dbo: <http://dbpedia.org/ontology/>PREFIX res: <http://dbpedia.org/resource/>SELECT DISTINCT ?uri WHERE { res:Limerick_Lake dbo:country ?uri .}"
"23"	"resource"	"Which television shows were created by John Cleese?"	"PREFIX dbo: <http://dbpedia.org/ontology/>PREFIX res: <http://dbpedia.org/resource/>PREFIX rdf: <http://www.w3.org/1999/02/22-rdf-syntax-ns#>SELECT DISTINCT ?uriWHERE { ?uri rdf:type dbo:TelevisionShow . ?uri dbo:creator res:John_Cleese .}"
"24"	"resource"	"Which mountain is the highest after the Annapurna?"	"PREFIX dbo: <http://dbpedia.org/ontology/>PREFIX res: <http://dbpedia.org/resource/>PREFIX rdf: <http://www.w3.org/1999/02/22-rdf-syntax-ns#>SELECT DISTINCT ?uriWHERE { res:Annapurna dbo:elevation ?elevation . ?uri rdf:type dbo:Mountain . ?uri dbo:elevation ?otherelevation . FILTER (?otherelevation < ?elevation) .} ORDER BY DESC(?otherelevation) OFSET 0 LIMIT 1"
"25"	"resource"	"In which films directed by Garry Marshall was Julia Roberts starring?"	"PREFIX dbo: <http://dbpedia.org/ontology/>PREFIX res: <http://dbpedia.org/resource/>PREFIX rdf: <http://www.w3.org/1999/02/22-rdf-syntax-ns#>SELECT DISTINCT ?uriWHERE { ?uri rdf:type dbo:Film . ?uri dbo:starring res:Julia_Roberts . ?uri dbo:director res:Garry_Marshall .}"
"26"	"resource"	"Which bridges are of the same type as the Manhattan Bridge?"	"PREFIX dbo: <http://dbpedia.org/ontology/>PREFIX dbp: <http://dbpedia.org/property/>PREFIX res: <http://dbpedia.org/resource/>PREFIX rdf: <http://www.w3.org/1999/02/22-rdf-syntax-ns#>SELECT DISTINCT ?uriWHERE { ?uri rdf:type dbo:Bridge . ?uri dbp:design ?design . res:Manhattan_Bridge dbp:design ?mdesign . FILTER (?design = ?mdesign & ?uri != res:Manhattan_Bridge) . }"
"27"	"boolean"	"Was U.S. president Jackson involved in a war?"	"PREFIX dbo: <http://dbpedia.org/ontology/>PREFIX res: <http://dbpedia.org/resource/>ASK WHERE { res:Andrew_Jackson dbo:battle ?batle . }"
"28"	"resource"	"Give me all communist countries."	"PREFIX dbo: <http://dbpedia.org/ontology/>PREFIX res: <http://dbpedia.org/resource/>PREFIX rdf: <http://www.w3.org/1999/02/22-rdf-syntax-ns#>SELECT DISTINCT ?uriWHERE { ?uri rdf:type dbo:Country . { ?uri dbo:governmentType res:Communism . } UNION { ?uri dbo:governmentType res:Communist_state . }"
"29"	"resource"	"Which awards did Douglas Hofstadter win?"	"PREFIX res: <http://dbpedia.org/resource/>PREFIX dbo: <http://dbpedia.org/ontology/>SELECT DISTINCT ?uriWHERE { res:Douglas_Hofstadter dbo:award ?uri .}"
"3"	"resource"	"Who is the daughter of Robert Kennedy married to?"	"PREFIX dbo: <http://dbpedia.org/ontology/>PREFIX res: <http://dbpedia.org/resource/>SELECT DISTINCT ?uri WHERE { res:Robert_F._Kennedy dbo:child ?child . ?child dbo:spouse ?uri .}"
"30"	"resource"	"Which U.S. state has the highest population density?"	"PREFIX yago: <http://dbpedia.org/clas/yago/>PREFIX dbp: <http://dbpedia.org/property/>PREFIX rdf: <http://www.w3.org/1999/02/22-rdf-syntax-ns#>SELECT DISTINCT ?uri WHERE { ?uri rdf:type yago:StatesOfTheUnitedStates . ?uri dbp:densityrank ?rank .} ORDER BY ASC(?rank) OFSET 0 LIMIT 1"
"31"	"resource"	"What is the currency of the Czech Republic?"	"PREFIX dbo: <http://dbpedia.org/ontology/>PREFIX res: <http://dbpedia.org/resource/>SELECT DISTINCT ?uriWHERE { res:Czech_Republic dbo:currency ?uri .}"
"32"	"resource"	"Which countries adopted the Euro?"	"PREFIX dbp: <http://dbpedia.org/property/>PREFIX dbo: <http://dbpedia.org/ontology/>PREFIX res: <http://dbpedia.org/resource/>PREFIX rdf: <http://www.w3.org/1999/02/22-rdf-syntax-ns#>SELECT DISTINCT ?uriWHERE { ?uri rdf:type dbo:Country . { ?uri dbo:currency res:Euro . } UNION { ?uri dbp:curencyCode 'EUR'@en . }"
"33"	"number"	"What is the area code of Berlin?"	"PREFIX dbo: <http://dbpedia.org/ontology/>PREFIX res: <http://dbpedia.org/resource/>SELECT DISTINCT ?string WHERE { res:Berlin dbo:areaCode ?string .}"
"34"	"resource"	"Which countries have more than two official languages?"	"PREFIX dbo: <http://dbpedia.org/ontology/>PREFIX rdf: <http://www.w3.org/1999/02/22-rdf-syntax-ns#>SELECT DISTINCT ?uri WHERE { ?uri rdf:type dbo:Country . ?uri dbo:officialLanguage ?language .} GROUP BY ?uriHAVING (COUNT(?language) > 2)"
"35"	"resource"	"Who is the owner of Rolls-Royce?"	"PREFIX dbo: <http://dbpedia.org/ontology/>PREFIX res: <http://dbpedia.org/resource/>SELECT DISTINCT ?uriWHERE { res:Rolls-Royce_Motors dbo:owner ?uri .}"
"36"	"resource"	"Through which countries does the Yenisei river flow?"	"PREFIX res: <http://dbpedia.org/resource/>PREFIX dbo: <http://dbpedia.org/ontology/>SELECT DISTINCT ?uri WHERE { res:Yenisei dbo:country ?uri .}"
"37"	"date"	"When did Latvia join the EU?"	"PREFIX res: <http://dbpedia.org/resource/>PREFIX dbp: <http://dbpedia.org/property/>SELECT DISTINCT ?date WHERE { res:Latvia dbp:acesioneudate ?date . }"
"38"	"resource"	"Which monarchs were married to a German?"	"PREFIX dbo: <http://dbpedia.org/ontology/>PREFIX res: <http://dbpedia.org/resource/>PREFIX rdf: <http://www.w3.org/1999/02/22-rdf-syntax-ns#>SELECT DISTINCT ?uri WHERE { ?uri rdf:type dbo:Monarch . ?uri dbo:spouse ?spouse . { ?spouse dbo:birthPlace res:Germany. } UNION { ?spouse dbo:birthPlace ?p . ?p dbo:country res:Germany. }"
"39"	"date"	"When was the Battle of Gettysburg?"	"PREFIX dbo: <http://dbpedia.org/ontology/>PREFIX res: <http://dbpedia.org/resource/>SELECT DISTINCT ?date WHERE { res:Battle_of_Gettysburg dbo:date ?date .}"
"4"	"resource"	"Which river does the Brooklyn Bridge cross?"	"PREFIX dbo: <http://dbpedia.org/ontology/>PREFIX res: <http://dbpedia.org/resource/>SELECT DISTINCT ?uriWHERE { res:Brooklyn_Bridge dbo:crosses ?uri . }"
"40"	"resource"	"What is the highest mountain in Australia?"	"PREFIX dbo: <http://dbpedia.org/ontology/>PREFIX res: <http://dbpedia.org/resource/>PREFIX rdf: <http://www.w3.org/1999/02/22-rdf-syntax-ns#>SELECT DISTINCT ?uri WHERE { ?uri rdf:type dbo:Mountain . ?uri dbo:locatedInArea res:Australia . ?uri dbo:elevation ?elevation .} ORDER BY DESC(?elevation) OFSET 0 LIMIT 1"
"41"	"resource"	"Give me all soccer clubs in Spain."	"PREFIX dbo: <http://dbpedia.org/ontology/>PREFIX dbp: <http://dbpedia.org/property/>PREFIX res: <http://dbpedia.org/resource/>PREFIX rdf: <http://www.w3.org/1999/02/22-rdf-syntax-ns#>SELECT DISTINCT ?uriWHERE { ?uri rdf:type dbo:SoccerClub . { ?uri dbo:ground res:Spain . } UNION { ?uri dbp:ground ?ground . FILTER (regex(?ground,'Spain') }"
"42"	"resource"	"What is the official language of Suriname?"	"PREFIX dbo: <http://dbpedia.org/ontology/>PREFIX res: <http://dbpedia.org/resource/>SELECT DISTINCT ?uriWHERE { res:Suriname dbo:officialLanguage ?uri .}"
"43"	"resource"	"Who is the mayor of Tel Aviv?"	"PREFIX dbo: <http://dbpedia.org/ontology/>PREFIX res: <http://dbpedia.org/resource/>SELECT DISTINCT ?uriWHERE { res:Tel_Aviv dbo:leaderName ?uri .}"
"44"	"resource"	"Who designed the Brooklyn Bridge?"	"PREFIX res: <http://dbpedia.org/resource/>PREFIX dbo: <http://dbpedia.org/ontology/>SELECT DISTINCT ?uri WHERE { res:Brooklyn_Bridge dbo:architect ?uri .}"
"45"	"resource"	"Which telecommunications organizations are located in Belgium?"	"PREFIX dbo: <http://dbpedia.org/ontology/>PREFIX dbp: <http://dbpedia.org/property/>PREFIX res: <http://dbpedia.org/resource/>PREFIX rdf: <http://www.w3.org/1999/02/22-rdf-syntax-ns#>SELECT COUNT(DISTINCT ?uri)WHERE { 	 ?uri rdf:type dbo:Organisation . { ?uri dbo:industry res:Telecommunication . } UNION { ?uri dbp:industry ?industry . FILTER (regex(?industry,'Telecomunications') . } { ?uri dbo:location res:Belgium. } UNION { ?uri dbp:locationCountry 'Belgium'@en . }"
"46"	"boolean"	"Is Frank Herbert still alive?"	"PREFIX dbo: <http://dbpedia.org/ontology/>PREFIX res: <http://dbpedia.org/resource/>ASK WHERE { OPTIONAL { res:Frank_Herbert dbo:deathDate ?date . } FILTER (!BOUND(?date)}"
"47"	"resource"	"What is the highest place of the Urals?"	"PREFIX dbp: <http://dbpedia.org/property/>PREFIX res: <http://dbpedia.org/resource/>SELECT DISTINCT ?uriWHERE { res:Ural_Mountains dbp:highest ?uri . }"
"48"	"resource"	"Who is the editor of Forbes?"	"PREFIX res: <http://dbpedia.org/resource/>PREFIX dbo: <http://dbpedia.org/ontology/>SELECT DISTINCT ?uri WHERE { res:Forbes dbo:editor ?uri .}"
"49"	"resource"	"Give me all companies in the advertising industry."	"PREFIX dbp: <http://dbpedia.org/property/>PREFIX dbo: <http://dbpedia.org/ontology/>PREFIX res: <http://dbpedia.org/resource/>PREFIX rdf: <http://www.w3.org/1999/02/22-rdf-syntax-ns#>SELECT COUNT(DISTINCT ?uri)WHERE { ?uri rdf:type dbo:Company . { ?uri dbo:industry res:Advertising } UNION { ?uri dbo:industry ?industry . FILTER regex(?industry,'advertising','i') . }"
"5"	"number"	"How many countries are there in Europe?"	"PREFIX yago: <http://dbpedia.org/clas/yago/>PREFIX rdf: <http://www.w3.org/1999/02/22-rdf-syntax-ns#>SELECT COUNT(DISTINCT ?uri) WHERE { ?uri rdf:type yago:EuropeanCountries .}"
"50"	"resource"	"What did Bruce Carver die from?"	"PREFIX res: <http://dbpedia.org/resource/>PREFIX dbo: <http://dbpedia.org/ontology/>SELECT DISTINCT ?uriWHERE { res:Bruce_Carver dbo:deathCause ?uri . }"
"51"	"resource"	"Give me all libraries established earlier than 1400."	"PREFIX dbo: <http://dbpedia.org/ontology/>PREFIX dbp: <http://dbpedia.org/property/>PREFIX rdf: <http://www.w3.org/1999/02/22-rdf-syntax-ns#>SELECT DISTINCT ?uriWHERE { ?uri rdf:type dbo:Library . ?uri dbp:established ?year . FILTER (?year < 140)}"
"52"	"resource"	"Which presidents were born in 1945?"	"PREFIX dbo: <http://dbpedia.org/ontology/>PREFIX rdf: <http://www.w3.org/1999/02/22-rdf-syntax-ns#>SELECT DISTINCT ?uri WHERE { ?uri rdf:type dbo:President . ?uri dbo:birthDate ?date . FILTER regex(?date, '^1945') .}"
"53"	"resource"	"Give me all federal chancellors of Germany."	"PREFIX dbp: <http://dbpedia.org/property/>PREFIX dbo: <http://dbpedia.org/ontology/>PREFIX res: <http://dbpedia.org/resource/>PREFIX rdf: <http://www.w3.org/1999/02/22-rdf-syntax-ns#>SELECT DISTINCT ?uriWHERE { ?uri rdf:type dbo:Person . { ?uri dbo:office 'Chancelor of Germany' . } UNION { ?uri dbp:ofice res:Chancellor_of_Germany . }"
"54"	"resource"	"Who was the wife of U.S. president Lincoln?"	"PREFIX dbo: <http://dbpedia.org/ontology/>PREFIX res: <http://dbpedia.org/resource/>SELECT DISTINCT ?uri WHERE { res:Abraham_Lincoln dbo:spouse ?uri.}"
"55"	"resource"	"Who developed the video game World of Warcraft?"	"PREFIX dbo: <http://dbpedia.org/ontology/>PREFIX res: <http://dbpedia.org/resource/>SELECT DISTINCT ?uri WHERE { res:World_of_Warcraft dbo:developer ?uri . }"
"56"	"string"	"What is the official website of Tom Cruise?"	"PREFIX dbp: <http://dbpedia.org/property/>PREFIX res: <http://dbpedia.org/resource/>SELECT DISTINCT ?string WHERE { res:Tom_Cruise dbp:website ?string .}"
"57"	"resource"	"List all episodes of the first season of the HBO television series The Sopranos."	"PREFIX dbo: <http://dbpedia.org/ontology/>PREFIX res: <http://dbpedia.org/resource/>SELECT DISTINCT ?uri WHERE { ?uri dbo:series res:The_Sopranos . ?uri dbo:seasonNumber 1 .}"
"58"	"resource"	"Who produced the most films?"	"PREFIX dbo: <http://dbpedia.org/ontology/>PREFIX rdf: <http://www.w3.org/1999/02/22-rdf-syntax-ns#>SELECT DISTINCT ?uri WHERE { ?film rdf:type dbo:Film . ?film dbo:producer ?uri .} ORDER BY DESC(COUNT(?film) OFSET 0 LIMIT 1"
"59"	"resource"	"Give me all people with first name Jimmy."	"PREFIX foaf: <http://xmlns.com/foaf/0.1/>PREFIX rdf: <http://www.w3.org/1999/02/22-rdf-syntax-ns#>SELECT DISTINCT ?uri WHERE { ?uri rdf:type foaf:Person . ?uri foaf:givenName 'Jimy'@en .}"
"6"	"resource"	"In which city did John F. Kennedy die?"	"PREFIX dbo: <http://dbpedia.org/ontology/>PREFIX res: <http://dbpedia.org/resource/>PREFIX rdf: <http://www.w3.org/1999/02/22-rdf-syntax-ns#>SELECT DISTINCT ?uriWHERE { res:John_F._Kennedy dbo:deathPlace ?uri . ?uri rdf:type dbo:City .}"
"60"	"boolean"	"Is there a video game called Battle Chess?"	"PREFIX dbo: <http://dbpedia.org/ontology/>PREFIX rdf: <http://www.w3.org/1999/02/22-rdf-syntax-ns#>PREFIX rdfs: <http://w.w3.org/20/01/rdf-schema#>ASK WHERE { ?uri rdf:type dbo:VideoGame . ?uri rdfs:label 'Batle Ches'@en .}"
"61"	"resource"	"Which mountains are higher than the Nanga Parbat?"	"PREFIX dbo: <http://dbpedia.org/ontology/>PREFIX dbp: <http://dbpedia.org/property/>PREFIX res: <http://dbpedia.org/resource/>PREFIX rdf: <http://www.w3.org/1999/02/22-rdf-syntax-ns#>SELECT DISTINCT ?uriWHERE { res:Nanga_Parbat dbo:elevation ?elevation . ?uri rdf:type dbo:Mountain . { ?uri dbo:elevation ?otherelevation . } UNION { ?uri dbp:elevationM ?otherelevation . } FILTER (?otherelevation > ?elevation) .}"
"62"	"resource"	"Who created Wikipedia?"	"PREFIX dbo: <http://dbpedia.org/ontology/>PREFIX res: <http://dbpedia.org/resource/>SELECT DISTINCT ?uriWHERE { res:Wikipedia dbo:author ?uri .}"
"63"	"resource"	"Give me all actors starring in Last Action Hero."	"PREFIX dbo: <http://dbpedia.org/ontology/>PREFIX res: <http://dbpedia.org/resource/>SELECT DISTINCT ?uriWHERE { res:Last_Action_Hero dbo:starring ?uri . }"
"64"	"resource"	"Which software has been developed by organizations founded in California?"	"PREFIX rdf: <http://www.w3.org/1999/02/22-rdf-syntax-ns#>PREFIX dbo: <http://dbpedia.org/ontology/>PREFIX res: <http://dbpedia.org/resource/>SELECT DISTINCT ?uriWHERE { ?uri rdf:type dbo:Software . ?company rdf:type dbo:Company . ?uri dbo:developer ?company . ?company dbo:foundationPlace res:California . }"
"65"	"resource"	"Which companies work in the aerospace industry as well as in medicine?"	"PREFIX dbo: <http://dbpedia.org/ontology/>PREFIX res: <http://dbpedia.org/resource/>PREFIX rdf: <http://www.w3.org/1999/02/22-rdf-syntax-ns#>SELECT DISTINCT ?uri WHERE { ?uri rdf:type dbo:Company . ?uri dbo:industry res:Aerospace . ?uri dbo:industry res:Medicine .}"
"66"	"boolean"	"Is Christian Bale starring in Velvet Goldmine?"	"PREFIX dbo: <http://dbpedia.org/ontology/>PREFIX res: <http://dbpedia.org/resource/>ASKWHERE { res:Velvet_Goldmine dbo:starring res:Christian_Bale .}"
"67"	"string"	"Give me the websites of companies with more than 500000 employees."	"PREFIX dbo: <http://dbpedia.org/ontology/>PREFIX dbp: <http://dbpedia.org/property/>PREFIX rdf: <http://www.w3.org/1999/02/22-rdf-syntax-ns#>PREFIX xsd: <http://w.w3.org/201/XMLSchema#>SELECT DISTINCT ?stringWHERE { ?c rdf:type dbo:Company . { ?c dbo:numberOfEmployees ?employes . } UNION { ?c dbp:numEmployes ?employes . } FILTER( xsd:integer(?employes) > 50 ) . ?c dbp:homepage ?string .}"
"68"	"resource"	"Which actors were born in Germany?"	"PREFIX dbo: <http://dbpedia.org/ontology/>PREFIX res: <http://dbpedia.org/resource/>PREFIX rdf: <http://www.w3.org/1999/02/22-rdf-syntax-ns#>SELECT DISTINCT ?uriWHERE { ?uri rdf:type dbo:Actor . { ?uri dbo:birthPlace res:Germany . } UNION { ?uri dbo:birthPlace ?place . ?place dbo:country res:Germany . }"
"69"	"resource"	"Which caves have more than 3 entrances?"	"PREFIX dbo: <http://dbpedia.org/ontology/>PREFIX dbp: <http://dbpedia.org/property/>PREFIX res: <http://dbpedia.org/resource/>PREFIX rdf: <http://www.w3.org/1999/02/22-rdf-syntax-ns#>SELECT DISTINCT ?uri WHERE { ?uri rdf:type dbo:Cave . ?uri dbp:entranceCount ?entrance . FILTER (?entrance > 3) .}"
"7"	"boolean"	"Was the wife of president Lincoln called Mary?"	"PREFIX dbo: <http://dbpedia.org/ontology/>PREFIX res: <http://dbpedia.org/resource/>PREFIX rdfs: <http://w.w3.org/20/01/rdf-schema#>ASK WHERE { res:Abraham_Lincoln dbo:spouse ?spouse . ?spouse rdfs:label ?name . FILTER(regex(?name,'Mary') }"
"70"	"resource"	"Give me all films produced by Hal Roach."	"PREFIX dbo: <http://dbpedia.org/ontology/>PREFIX res: <http://dbpedia.org/resource/>PREFIX rdf: <http://www.w3.org/1999/02/22-rdf-syntax-ns#>SELECT DISTINCT ?uri WHERE { ?uri rdf:type dbo:Film . ?uri dbo:producer res:Hal_Roach .}"
"71"	"resource"	"Give me all video games published by Mean Hamster Software."	"PREFIX dbo: <http://dbpedia.org/ontology/>PREFIX res: <http://dbpedia.org/resource/>PREFIX rdf: <http://www.w3.org/1999/02/22-rdf-syntax-ns#>SELECT DISTINCT ?uri WHERE { ?uri rdf:type dbo:VideoGame . ?uri dbo:publisher res:Mean_Hamster_Software . }"
"72"	"resource"	"Which languages are spoken in Estonia?"	"PREFIX dbo: <http://dbpedia.org/ontology/>PREFIX res: <http://dbpedia.org/resource/>SELECT DISTINCT ?uri WHERE { ?uri dbo:spokenIn res:Estonia . }"
"73"	"number"	"How many Aldi stores are there?"	"PREFIX res: <http://dbpedia.org/resource/>PREFIX dbo: <http://dbpedia.org/ontology/>SELECT DISTINCT ?numberWHERE { res:Aldi dbo:numberOfLocations ?number .}"
"74"	"resource"	"Which capitals in Europe were host cities of the summer olympic games?"	"PREFIX yago: <http://dbpedia.org/clas/yago/>PREFIX rdf: <http://www.w3.org/1999/02/22-rdf-syntax-ns#>SELECT DISTINCT ?uri WHERE { ?uri rdf:type yago:CapitalsInEurope . ?uri rdf:type yago:HostCitiesOfTheSumerOlympicGames .}"
"75"	"resource"	"Who was the 16th president of the United States?"	"PREFIX dbo: <http://dbpedia.org/ontology/>PREFIX rdf: <http://www.w3.org/1999/02/22-rdf-syntax-ns#>SELECT DISTINCT ?uriWHERE { ?uri dbo:office 'President of the United States' . ?uri dbo:orderInOffice '16th' .}"
"76"	"number"	"How many films did Hal Roach produce?"	"PREFIX dbo: <http://dbpedia.org/ontology/>PREFIX res: <http://dbpedia.org/resource/>SELECT COUNT(DISTINCT ?uri) WHERE { ?uri dbo:producer res:Hal_Roach .}"
"77"	"resource"	"Which music albums contain the song Last Christmas?"	"PREFIX dbo: <http://dbpedia.org/ontology/>PREFIX rdfs: <http://w.w3.org/20/01/rdf-schema#>SELECT DISTINCT ?uri WHERE { ?single dbo:album ?uri . ?single rdfs:label 'Last Christmas'@en .}"
"78"	"resource"	"Give me all books written by Danielle Steel."	"PREFIX dbo: <http://dbpedia.org/ontology/>PREFIX res: <http://dbpedia.org/resource/>PREFIX rdf: <http://www.w3.org/1999/02/22-rdf-syntax-ns#>SELECT DISTINCT ?uri WHERE { ?uri rdf:type dbo:Book . ?uri dbo:author res:Danielle_Steel .}"
"79"	"resource"	"Which airports are located in California, USA?"	"PREFIX dbo: <http://dbpedia.org/ontology/>PREFIX res: <http://dbpedia.org/resource/>PREFIX rdf: <http://www.w3.org/1999/02/22-rdf-syntax-ns#>SELECT DISTINCT ?uriWHERE { ?uri rdf:type dbo:Airport . { ?uri dbo:location res:California . } UNION { ?uri dbo:city res:California . } UNION { ?uri dbo:city ?city . ?city dbo:isPartOf res:California . } UNION { ?uri dbo:operator res:California . } }"
"8"	"resource"	"Which states of Germany are governed by the Social Democratic Party?"	"PREFIX dbp: <http://dbpedia.org/property/>PREFIX dbo: <http://dbpedia.org/ontology/>PREFIX res: <http://dbpedia.org/resource/>PREFIX yago: <http://dbpedia.org/clas/yago/>PREFIX rdf: <http://www.w3.org/1999/02/22-rdf-syntax-ns#>SELECT DISTINCT ?uriWHERE { ?uri rdf:type yago:StatesOfGermany . { ?uri dbo:leaderParty res:Social_Democratic_Party_of_Germany . } UNION { ?uri dbp:rulingParty 'SPD'@en . } }"
"80"	"resource"	"Give me all Canadian Grunge record labels."	"PREFIX dbo: <http://dbpedia.org/ontology/>PREFIX res: <http://dbpedia.org/resource/>PREFIX rdf: <http://www.w3.org/1999/02/22-rdf-syntax-ns#>SELECT DISTINCT ?uri WHERE { ?uri rdf:type dbo:RecordLabel . ?uri dbo:genre res:Grunge . ?uri dbo:country res:Canada .}"
"81"	"resource"	"Which country has the most official languages?"	"PREFIX dbo: <http://dbpedia.org/ontology/>PREFIX dbp: <http://dbpedia.org/property/>PREFIX rdf: <http://www.w3.org/1999/02/22-rdf-syntax-ns#>SELECT DISTINCT ?uriWHERE { ?uri rdf:type dbo:Country . ?uri dbp:oficialLanguages ?language .} ORDER BY DESC(COUNT(?language) OFSET 0 LIMIT 1"
"82"	"resource"	"In which programming language is GIMP written?"	"PREFIX dbo: <http://dbpedia.org/ontology/>PREFIX res: <http://dbpedia.org/resource/>SELECT DISTINCT ?uri WHERE { res:GIMP dbo:programmingLanguage ?uri .}"
"83"	"resource"	"Who produced films starring Natalie Portman?"	"PREFIX dbo: <http://dbpedia.org/ontology/>PREFIX res: <http://dbpedia.org/resource/>PREFIX rdf: <http://www.w3.org/1999/02/22-rdf-syntax-ns#>SELECT DISTINCT ?uri WHERE { ?film rdf:type dbo:Film . ?film dbo:starring res:Natalie_Portman . ?film dbo:producer ?uri .}"
"84"	"resource"	"Give me all movies with Tom Cruise."	"PREFIX dbo: <http://dbpedia.org/ontology/>PREFIX res: <http://dbpedia.org/resource/>PREFIX rdf: <http://www.w3.org/1999/02/22-rdf-syntax-ns#>SELECT DISTINCT ?uriWHERE { ?uri rdf:type dbo:Film. ?uri dbo:starring res:Tom_Cruise .}"
"85"	"resource"	"In which films did Julia Roberts as well as Richard Gere play?"	"PREFIX dbo: <http://dbpedia.org/ontology/>PREFIX res: <http://dbpedia.org/resource/>PREFIX rdf: <http://www.w3.org/1999/02/22-rdf-syntax-ns#>SELECT DISTINCT ?uri WHERE { ?uri rdf:type dbo:Film . ?uri dbo:starring res:Julia_Roberts . ?uri dbo:starring res:Richard_Gere..}"
"86"	"resource"	"Give me all female given names."	"PREFIX dbo: <http://dbpedia.org/ontology/>PREFIX res: <http://dbpedia.org/resource/>PREFIX rdf: <http://www.w3.org/1999/02/22-rdf-syntax-ns#>SELECT DISTINCT ?uri WHERE { ?uri rdf:type dbo:GivenName . ?uri dbo:gender res:Female .}"
"87"	"resource"	"Who wrote the book The Pillars of the Earth?"	"PREFIX dbo: <http://dbpedia.org/ontology/>PREFIX res: <http://dbpedia.org/resource/>SELECT DISTINCT ?uri WHERE { res:The_Pillars_of_the_Earth dbo:author ?uri .}"
"88"	"number"	"How many films did Leonardo DiCaprio star in?"	"PREFIX dbo: <http://dbpedia.org/ontology/>PREFIX res: <http://dbpedia.org/resource/>PREFIX rdf: <http://www.w3.org/1999/02/22-rdf-syntax-ns#>SELECT COUNT(DISTINCT ?uri) WHERE { ?uri rdf:type dbo:Film . ?uri dbo:starring res:Leonardo_DiCaprio . }"
"89"	"resource"	"Give me all soccer clubs in the Premier League."	"PREFIX dbo: <http://dbpedia.org/ontology/>PREFIX res: <http://dbpedia.org/resource/>PREFIX rdf: <http://www.w3.org/1999/02/22-rdf-syntax-ns#> SELECT DISTINCT ?uriWHERE { ?uri rdf:type dbo:SoccerClub . ?uri dbo:league res:Premier_League . }"
"9"	"resource"	"In which U.S. state is Mount McKinley located?"	"PREFIX yago: <http://dbpedia.org/clas/yago/>PREFIX dbo: <http://dbpedia.org/ontology/>PREFIX res: <http://dbpedia.org/resource/>PREFIX rdf: <http://www.w3.org/1999/02/22-rdf-syntax-ns#>SELECT DISTINCT ?uriWHERE { ?uri rdf:type yago:StatesOfTheUnitedStates . res:Mount_McKinley dbo:locatedInArea ?uri . }"
"90"	"date"	"When was Capcom founded?"	"PREFIX dbo: <http://dbpedia.org/ontology/>PREFIX res: <http://dbpedia.org/resource/>SELECT DISTINCT ?date WHERE { res:Capcom dbo:foundingDate ?date .}"
"91"	"resource"	"Which organizations were founded in 1930?"	"PREFIX dbo: <http://dbpedia.org/ontology/>PREFIX rdf: <http://www.w3.org/1999/02/22-rdf-syntax-ns#>SELECT DISTINCT ?uri WHERE { ?uri rdf:type dbo:Organisation . { ?uri dbo:formationYear ?date . } UNION { ?uri dbo:foundingYear ?date. } FILTER regex(?date,'^1930') . }"
"92"	"resource"	"What is the highest mountain?"	"PREFIX dbo: <http://dbpedia.org/ontology/>PREFIX rdf: <http://www.w3.org/1999/02/22-rdf-syntax-ns#>SELECT DISTINCT ?uri WHERE { ?uri rdf:type dbo:Mountain . ?uri dbo:elevation ?elevation .} ORDER BY DESC(?elevation) OFSET 0 LIMIT 1"
"93"	"boolean"	"Was Natalie Portman born in the United States?"	"PREFIX dbo: <http://dbpedia.org/ontology/>PREFIX res: <http://dbpedia.org/resource/>ASK WHERE { { res:Natalie_Portman dbo:birthPlace res:United_States . } UNION { res:Natalie_Portman dbo:birthPlace ?city . ?city dbo:country res:United_States . }"
"94"	"number"	"Which budget did the first movie of Zdenek Sverak have?"	"OUT OF SCOPE"
"95"	"number"	"How many big fires struck Paris during the Middle Ages?"	"OUT OF SCOPE"
"96"	"boolean"	"Is Pamela Anderson a vegan?"	"OUT OF SCOPE"
"97"	"number"	"How often was Michael Jordan divorced?"	"OUT OF SCOPE"
"98"	"resource"	"What is the most beautiful painting?"	"OUT OF SCOPE"
"99"	"resource"	"Give me all animal species that live in the Amazon rainforest."	"OUT OF SCOPE"
"231"	"number"	"How many inhabitants does the largest city in Canada have?"	"PREFIX dbo: <http://dbpedia.org/ontology/>PREFIX res: <http://dbpedia.org/resource/>SELECT DISTINCT ?numWHERE { res:Canada dbo:largestCity ?city . ?city dbo:populationTotal ?num .}"
"249"	"resource"	"In which studio did the Beatles record their first album?"	"OUT OF SCOPE"
"234"	"resource"	"Who was the first to climb Mount Everest?"	"PREFIX res: <http://dbpedia.org/resource/>PREFIX dbo: <http://dbpedia.org/ontology/>SELECT DISTINCT ?uriWHERE { res:Mount_Everest dbo:firstAscentPerson ?uri . }"
"204"	"number"	"How many programming languages are there?"	"PREFIX dbo: <http://dbpedia.org/ontology/>PREFIX rdf: <http://www.w3.org/1999/02/22-rdf-syntax-ns#>SELECT COUNT(DISTINCT ?uri)WHERE { ?uri rdf:type dbo:ProgrammingLanguage .}"
"242"	"string"	"What is the official color of the University of Oxford?"	"PREFIX dbo: <http://dbpedia.org/ontology/>PREFIX res: <http://dbpedia.org/resource/>SELECT DISTINCT ?stringWHERE { res:University_of_Oxford dbo:officialSchoolColour ?string . }"
"250"	"resource"	"How many gold medals did Michael Phelps win at the 2008 Olympics?"	"OUT OF SCOPE"
"235"	"resource"	"To which artistic movement did the painter of The Three Dancers belong?"	"PREFIX res: <http://dbpedia.org/resource/>PREFIX dbo: <http://dbpedia.org/ontology/>SELECT DISTINCT ?uriWHERE { res:The_Three_Dancers dbo:author ?person . ?person dbo:movement ?uri .}"
"211"	"resource"	"Give me all animals that are extinct."	"PREFIX dbo: <http://dbpedia.org/ontology/>PREFIX rdf: <http://www.w3.org/1999/02/22-rdf-syntax-ns#>SELECT DISTINCT ?uriWHERE { ?uri rdf:type dbo:Animal . ?uri dbo:conservationStatus 'EX' .}"
"223"	"boolean"	"Does Abraham Lincoln's death place have a website?"	"PREFIX dbo: <http://dbpedia.org/ontology/>PREFIX dbp: <http://dbpedia.org/property/> PREFIX res: <http://dbpedia.org/resource/>ASKWHERE { res:Abraham_Lincoln dbo:deathPlace ?p . ?p dbp:website ?w . }"
"244"	"number"	"How deep is Lake Placid?"	"PREFIX dbo: <http://dbpedia.org/ontology/>SELECT DISTINCT ?nWHERE { <http://dbpedia.org/resource/Lake_Placid_(Texas)> dbo:depth ?n . }"
"240"	"resource"	"Give me the grandchildren of Bruce Lee."	"PREFIX dbo: <http://dbpedia.org/ontology/>PREFIX res: <http://dbpedia.org/resource/>SELECT DISTINCT ?uriWHERE { res:Bruce_Le dbo:child ?child . ?child dbo:child ?uri .}"
"210"	"resource"	"Who is the youngest Darts player?"	"PREFIX dbo: <http://dbpedia.org/ontology/>PREFIX rdf: <http://www.w3.org/1999/02/22-rdf-syntax-ns#>SELECT DISTINCT ?uriWHERE { ?uri rdf:type dbo:DartsPlayer . ?uri dbo:birthDate ?date .}ORDER BY DESC(?date)OFSET 0 LIMIT 1"
"221"	"resource"	"Where was Bach born?"	"PREFIX dbo: <http://dbpedia.org/ontology/>PREFIX res: <http://dbpedia.org/resource/>SELECT DISTINCT ?uri WHERE { res:Johann_Sebastian_Bach dbo:birthPlace ?uri .}"
"232"	"resource"	"In which countries can you pay using the West African CFA franc?"	"PREFIX dbo: <http://dbpedia.org/ontology/>PREFIX res: <http://dbpedia.org/resource/>SELECT DISTINCT ?uriWHERE { ?uri dbo:currency res:West_African_CFA_franc . }"
"225"	"resource"	"What are the top-10 action role-playing video games according to IGN?"	"PREFIX dbo: <http://dbpedia.org/ontology/>PREFIX dbp: <http://dbpedia.org/property/>PREFIX res: <http://dbpedia.org/resource/>SELECT DISTINCT ?uri WHERE { ?uri <http://purl.org/dc/terms/subject> <http://dbpedia.org/resource/Category:Action_role-playing_video_games> . ?uri dbp:ign ?score .} ORDER BY DESC(?score) LIMIT 10"
"214"	"resource"	"What is the most frequent cause of death?"	"PREFIX dbo: <http://dbpedia.org/ontology/>SELECT DISTINCT ?xWHERE { ?uri dbo:deathCause ?x . }ORDER BY DESC(COUNT(DISTINCT ?uri) OFSET 0 LIMIT 1"
"207"	"boolean"	"Does the Isar flow into a lake?"	"PREFIX dbo: <http://dbpedia.org/ontology/>PREFIX res: <http://dbpedia.org/resource/>PREFIX rdf: <http://www.w3.org/1999/02/22-rdf-syntax-ns#>ASKWHERE { ?x dbo:inflow res:Isar . ?x rdf:type dbo:Lake . }"
"218"	"resource"	"Give me all films produced by Steven Spielberg with a budget of at least $80 million."	"PREFIX dbo: <http://dbpedia.org/ontology/>PREFIX res: <http://dbpedia.org/resource/>PREFIX rdf: <http://www.w3.org/1999/02/22-rdf-syntax-ns#>SELECT DISTINCT ?uri WHERE { ?uri rdf:type dbo:Film . ?uri dbo:director res:Steven_Spielberg . ?uri dbo:budget ?b . FILTER( xsd:double(?b) >= 8.0E7 )}"
"241"	"resource"	"Give me all writers that won the Nobel Prize in literature."	"PREFIX dbo: <http://dbpedia.org/ontology/>PREFIX res: <http://dbpedia.org/resource/>SELECT DISTINCT ?uriWHERE { ?uri rdf:type dbo:Writer . ?uri dbo:award res:Nobel_Prize_in_Literature . }"
"201"	"resource"	"Give me all taikonauts."	"PREFIX dbo: <http://dbpedia.org/ontology/>PREFIX res: <http://dbpedia.org/resource/>PREFIX rdf: <http://www.w3.org/1999/02/22-rdf-syntax-ns#>SELECT DISTINCT ?uriWHERE { ?uri rdf:type dbo:Astronaut . ?uri dbo:nationality res:China .}"
"212"	"resource"	"How many pages does War and Peace have?"	"PREFIX dbo: <http://dbpedia.org/ontology/>PREFIX res: <http://dbpedia.org/resource/>SELECT DISTINCT ?nWHERE { res:War_and_Peace dbo:numberOfPages ?n .}"
"217"	"resource"	"What is the bridge with the longest span?"	"PREFIX dbo: <http://dbpedia.org/ontology/>PREFIX res: <http://dbpedia.org/resource/>PREFIX rdf: <http://www.w3.org/1999/02/22-rdf-syntax-ns#>SELECT DISTINCT ?uri WHERE { ?uri rdf:type dbo:Bridge . ?uri dbo:mainspan ?s . } ORDER BY DESC(?s) OFSET 0 LIMIT 1"
"247"	"resource"	"Give me all actors called Baldwin."	"PREFIX dbo: <http://dbpedia.org/ontology/>PREFIX res: <http://dbpedia.org/resource/>PREFIX foaf: <http://xmlns.com/foaf/0.1/>SELECT DISTINCT ?uriWHERE { ?uri foaf:surname 'Baldwin'@en . { ?uri dbo:occupation res:Actor . } UNION { ?uri rdf:type dbo:Actor . }"
"216"	"resource"	"Who is the tallest player of the Atlanta Falcons?"	"PREFIX dbo: <http://dbpedia.org/ontology/>PREFIX dbp: <http://dbpedia.org/property/>PREFIX res: <http://dbpedia.org/resource/>SELECT DISTINCT ?uri WHERE { ?uri dbo:team res:Atlanta_Falcons . ?uri dbo:height ?h .} ORDER BY DESC(?h) OFSET 0 LIMIT 1"
"208"	"resource"	"Which rivers flow into a German lake?"	"PREFIX dbo: <http://dbpedia.org/ontology/>PREFIX res: <http://dbpedia.org/resource/>PREFIX rdf: <http://www.w3.org/1999/02/22-rdf-syntax-ns#>SELECT DISTINCT ?uriWHERE { ?uri rdf:type dbo:River . ?x dbo:inflow ?uri . ?x rdf:type dbo:Lake . ?x dbo:country res:Germany .}"
"238"	"number"	"How many James Bond movies are there?"	"PREFIX rdf: <http://www.w3.org/1999/02/22-rdf-syntax-ns#>PREFIX yago: <http://dbpedia.org/clas/yago/> SELECT COUNT(DISTINCT ?uri) WHERE { ?uri rdf:type yago:JamesBondFilms . }"
"246"	"uri"	"Which rockets were launched from Baikonur?"	"PREFIX dbo: <http://dbpedia.org/ontology/>PREFIX res: <http://dbpedia.org/resource/>PREFIX rdf: <http://www.w3.org/1999/02/22-rdf-syntax-ns#>SELECT DISTINCT ?uriWHERE { ?uri rdf:type dbo:Rocket . ?uri dbo:launchSite res:Baikonur_Cosmodrome .}"
"236"	"resource"	"Which pope succeeded John Paul II?"	"PREFIX res: <http://dbpedia.org/resource/>PREFIX dbp: <http://dbpedia.org/property/>SELECT DISTINCT ?uriWHERE { res:Pope_John_Paul_I dbp:sucesor ?uri .}"
"205"	"resource"	"Give me all Dutch parties."	"PREFIX dbo: <http://dbpedia.org/ontology/>PREFIX res: <http://dbpedia.org/resource/>PREFIX rdf: <http://www.w3.org/1999/02/22-rdf-syntax-ns#>SELECT DISTINCT ?uriWHERE { ?uri rdf:type dbo:PoliticalParty . ?uri dbo:country res:Netherlands .}"
"230"	"date"	"When is Halloween?"	"PREFIX dbp: <http://dbpedia.org/property/>PREFIX res: <http://dbpedia.org/resource/>SELECT DISTINCT ?dateWHERE { res:Halloween dbp:date ?date . }"
"243"	"resource"	"Give me all Swedish oceanographers."	"PREFIX dbo: <http://dbpedia.org/ontology/>PREFIX res: <http://dbpedia.org/resource/>SELECT DISTINCT ?uriWHERE { ?uri dbo:field res:Oceanography . ?uri dbo:birthPlace res:Sweden . }"
"226"	"resource"	"Give me all actors who were born in Berlin."	"PREFIX dbo: <http://dbpedia.org/ontology/>PREFIX res: <http://dbpedia.org/resource/>PREFIX rdf: <http://www.w3.org/1999/02/22-rdf-syntax-ns#>SELECT DISTINCT ?uri WHERE { ?uri rdf:type dbo:Actor . ?uri dbo:birthPlace res:Berlin .}"
"237"	"resource"	"What was the last movie with Alec Guinness?"	"PREFIX dbo: <http://dbpedia.org/ontology/>PREFIX res: <http://dbpedia.org/resource/>PREFIX rdf: <http://www.w3.org/1999/02/22-rdf-syntax-ns#>SELECT DISTINCT ?uriWHERE { ?uri rdf:type dbo:Film . ?uri dbo:starring res:Alec_Guinness . ?uri dbo:releaseDate ?date . } ORDER BY DESC(?date) LIMIT 1"
"203"	"resource"	"Which poet wrote the most books?"	"PREFIX dbo: <http://dbpedia.org/ontology/>PREFIX res: <http://dbpedia.org/resource/>PREFIX rdf: <http://www.w3.org/1999/02/22-rdf-syntax-ns#>SELECT DISTINCT ?uriWHERE { ?uri dbo:occupation res:Poet . ?x dbo:author ?uri . ?x rdf:type dbo:Book .}ORDER BY DESC(COUNT(?x)OFSET 0 LIMIT 1"
"202"	"number"	"How many languages are spoken in Colombia?"	"PREFIX dbo: <http://dbpedia.org/ontology/>PREFIX res: <http://dbpedia.org/resource/>SELECT COUNT(DISTINCT ?uri) WHERE { ?uri rdf:type dbo:Language . res:Colombia dbo:language ?uri .}"
"248"	"resource"	"What does IYCM stand for?"	"PREFIX dbo: <http://dbpedia.org/ontology/>PREFIX res: <http://dbpedia.org/resource/>SELECT DISTINCT ?uriWHERE { ?uri dbo:abbreviation 'IYCM' .}"
"228"	"number"	"What was Brazil's lowest rank in the FIFA World Ranking?"	"PREFIX dbp: <http://dbpedia.org/property/>PREFIX res: <http://dbpedia.org/resource/>SELECT DISTINCT ?nWHERE { res:Brazil_national_football_team dbp:fifaMin ?n .}"
"233"	"resource"	"Give me the capitals of all countries that the Himalayas run through."	"PREFIX dbp: <http://dbpedia.org/property/>PREFIX dbo: <http://dbpedia.org/ontology/>PREFIX res: <http://dbpedia.org/resource/>SELECT DISTINCT ?uriWHERE { res:Himalayas dbp:country ?country . ?country dbo:capital ?uri .}"
"239"	"resource"	"Which actor played Chewbacca?"	"PREFIX dbp: <http://dbpedia.org/property/>PREFIX res: <http://dbpedia.org/resource/>SELECT DISTINCT ?uriWHERE { res:Chewbacca dbp:portrayer ?uri . }"
"213"	"resource"	"Which ingredients do I need for carrot cake?"	"PREFIX dbo: <http://dbpedia.org/ontology/>PREFIX res: <http://dbpedia.org/resource/>SELECT DISTINCT ?uriWHERE { res:Carrot_cake dbo:ingredient ?uri .}"
"219"	"boolean"	"Is Cola a beverage?"	"PREFIX dbo: <http://dbpedia.org/ontology/>PREFIX res: <http://dbpedia.org/resource/>PREFIX rdf: <http://www.w3.org/1999/02/22-rdf-syntax-ns#>ASK WHERE { res:Cola rdf:type dbo:Beverage .}"
"215"	"resource"	"Who has Tom Cruise been married to?"	"PREFIX dbo: <http://dbpedia.org/ontology/>PREFIX res: <http://dbpedia.org/resource/>SELECT DISTINCT ?uri WHERE { ?uri dbo:spouse res:Tom_Cruise.}"
"222"	"resource"	"Which of Tim Burton's films had the highest budget?"	"PREFIX dbo: <http://dbpedia.org/ontology/>PREFIX res: <http://dbpedia.org/resource/>SELECT DISTINCT ?uri WHERE { ?uri dbo:director res:Tim_Burton . ?uri dbo:budget ?b .}ORDER BY ?bOFSET 0 LIMIT 1"
"209"	"resource"	"How heavy is Jupiter's lightest moon?"	"PREFIX dbo: <http://dbpedia.org/ontology/>PREFIX dbp: <http://dbpedia.org/property/>PREFIX res: <http://dbpedia.org/resource/>SELECT DISTINCT ?nWHERE { ?uri dbp:sateliteOf res:Jupiter . ?uri dbo:mas ?n .}ORDER BY ASC(?n)OFSET 0 LIMIT 1"
"220"	"resource"	"Which actor was casted in the most movies?"	"PREFIX dbo: <http://dbpedia.org/ontology/>PREFIX dbp: <http://dbpedia.org/property/>PREFIX res: <http://dbpedia.org/resource/>PREFIX rdf: <http://www.w3.org/1999/02/22-rdf-syntax-ns#>SELECT DISTINCT ?uri WHERE { ?uri rdf:type dbo:Actor . ?f rdf:type dbo:Film . ?f dbo:starring ?uri .} ORDER BY DESC(COUNT(DISTINCT(?f) OFSET 0 LIMIT 1"
"245"	"boolean"	"Is James Bond married?"	"PREFIX dbo: <http://dbpedia.org/ontology/>PREFIX res: <http://dbpedia.org/resource/>ASK WHERE { res:James_Bond dbo:spouse ?uri . }"
"229"	"resource"	"Give me all Australian metalcore bands."	"PREFIX dbo: <http://dbpedia.org/ontology/>PREFIX res: <http://dbpedia.org/resource/>PREFIX rdf: <http://www.w3.org/1999/02/22-rdf-syntax-ns#>SELECT DISTINCT ?uriWHERE { ?uri rdf:type dbo:Band . ?uri dbo:genre res:Metalcore . { ?uri dbo:hometown res:Australia . } UNION { ?uri dbo:hometown ?h . ?h dbo:country res:Australia . }"
"227"	"resource"	"Give me all actors who were born in Paris after 1950."	"PREFIX dbo: <http://dbpedia.org/ontology/>PREFIX res: <http://dbpedia.org/resource/>PREFIX rdf: <http://www.w3.org/1999/02/22-rdf-syntax-ns#>SELECT DISTINCT ?uri WHERE { ?uri rdf:type dbo:Actor . ?uri dbo:birthPlace res:Paris . ?uri dbo:birthDate ?date . FILTER ( ?date >= xsd:dateTime('1950-12-31T0:0:0Z') }"
"206"	"date"	"When was Carlo Giuliani shot?"	"PREFIX dbp: <http://dbpedia.org/property/>PREFIX res: <http://dbpedia.org/resource/>SELECT DISTINCT ?dateWHERE { res:Death_of_Carlo_Giuliani dbp:dateOfDeath ?date .}"
"224"	"resource"	"Who are the four youngest MVP basketball players?"	"PREFIX dbo: <http://dbpedia.org/ontology/>PREFIX dbp: <http://dbpedia.org/property/>PREFIX res: <http://dbpedia.org/resource/>PREFIX rdf: <http://www.w3.org/1999/02/22-rdf-syntax-ns#>SELECT DISTINCT ?uri WHERE { ?uri rdf:type dbo:BasketballPlayer . ?uri dbo:birthDate ?date. ?uri dbp:highlights ?h . FILTER regex(?h,'MVP')} ORDER BY DESC(?date) OFSET 0 LIMIT 4"
"251"	"resource"	"Which companies have more than 1 million employees?"	"PREFIX dbo: <http://dbpedia.org/ontology/> PREFIX dbp: <http://dbpedia.org/property/> PREFIX res: <http://dbpedia.org/resource/> PREFIX rdf: <http://www.w3.org/1999/02/22-rdf-syntax-ns#> SELECT DISTINCT ?uri WHERE { ?uri rdf:type dbo:Company . { ?uri dbo:numberOfEmployees ?n . } UNION { ?uri dbp:numEmployes ?n . } FILTER ( ?n > 10 ) } "
"252"	"resource"	"Give all swimmers that were born in Moscow."	"PREFIX dbo: <http://dbpedia.org/ontology/> PREFIX res: <http://dbpedia.org/resource/> PREFIX rdf: <http://www.w3.org/1999/02/22-rdf-syntax-ns#> SELECT DISTINCT ?uri WHERE { ?uri rdf:type dbo:Swimmer . ?uri dbo:birthPlace res:Moscow .}"
"253"	"resource"	"Who was called Rodzilla?"	"PREFIX dbp: <http://dbpedia.org/property/> SELECT DISTINCT ?uri WHERE { ?uri dbp:nickname ""Rodzila""@en .}"
"254"	"resource"	"Show me the book that Muhammad Ali wrote."	"PREFIX dbo: <http://dbpedia.org/ontology/> PREFIX res: <http://dbpedia.org/resource/> PREFIX rdf: <http://www.w3.org/1999/02/22-rdf-syntax-ns#> SELECT DISTINCT ?uri WHERE { ?uri rdf:type dbo:Book . ?uri dbo:author res:Muhammad_Ali . }"
"255"	"resource"	"How many museums does Paris have?"	"PREFIX dbo: <http://dbpedia.org/ontology/> PREFIX res: <http://dbpedia.org/resource/> PREFIX rdf: <http://www.w3.org/1999/02/22-rdf-syntax-ns#> SELECT DISTINCT ?uriWHERE { ?uri rdf:type dbo:Museum . ?uri dbo:location res:Paris . }"
"256"	"resource"	"Which city has the most inhabitants?"	"PREFIX dbo: <http://dbpedia.org/ontology/> PREFIX res: <http://dbpedia.org/resource/> PREFIX rdf: <http://www.w3.org/1999/02/22-rdf-syntax-ns#> SELECT DISTINCT ?uriWHERE { ?uri rdf:type dbo:City . ?uri dbo:populationTotal ?pop . }ORDER BY DESC(?pop)OFSET 0 LIMIT 1"
"257"	"resource"	"Which city has the least inhabitants?"	"PREFIX dbo: <http://dbpedia.org/ontology/> PREFIX res: <http://dbpedia.org/resource/> PREFIX rdf: <http://www.w3.org/1999/02/22-rdf-syntax-ns#> SELECT DISTINCT ?uriWHERE { ?uri rdf:type dbo:City . ?uri dbo:populationTotal ?pop . }ORDER BY ASC(?pop)OFSET 0 LIMIT 1"
"258"	"resource"	"Give me all the TV shows with Neil Patrick Harris."	"PREFIX dbo: <http://dbpedia.org/ontology/> PREFIX res: <http://dbpedia.org/resource/> PREFIX rdf: <http://www.w3.org/1999/02/22-rdf-syntax-ns#> SELECT DISTINCT ?uriWHERE { ?uri rdf:type dbo:TelevisionShow . ?uri dbo:starring res:Neil_Patrick_Harris . }"
"259"	"resource"	"Who wrote The Hunger Games?"	"PREFIX dbo: <http://dbpedia.org/ontology/> PREFIX res: <http://dbpedia.org/resource/> SELECT DISTINCT ?uriWHERE { res:The_Hunger_Games dbo:author ?uri . }"
"260"	"resource"	"Show a list of soccer clubs that play in the Bundesliga."	"PREFIX dbo: <http://dbpedia.org/ontology/>PREFIX res: <http://dbpedia.org/resource/>PREFIX rdf: <http://www.w3.org/1999/02/22-rdf-syntax-ns#> SELECT DISTINCT ?uriWHERE { ?uri rdf:type dbo:SoccerClub . ?uri dbo:league res:Bundesliga . }"
"261"	"resource"	"What country is Mount Everest in?"	"PREFIX dbo: <http://dbpedia.org/ontology/>PREFIX res: <http://dbpedia.org/resource/>PREFIX rdf: <http://www.w3.org/1999/02/22-rdf-syntax-ns#> SELECT DISTINCT ?uriWHERE { res:Mount_Everest dbo:locatedInArea ?uri . ?uri rdf:type dbo:Country .}"
"262"	"resource"	"Who is the founder of Penguin Books?"	"PREFIX dbo: <http://dbpedia.org/ontology/>PREFIX res: <http://dbpedia.org/resource/>PREFIX rdf: <http://www.w3.org/1999/02/22-rdf-syntax-ns#> SELECT DISTINCT ?uriWHERE { res:Penguin_Books dbo:founder ?uri .}"
"263"	"resource"	"Which programming languages influenced Javascript?"	"PREFIX dbo: <http://dbpedia.org/ontology/>PREFIX res: <http://dbpedia.org/resource/>PREFIX rdf: <http://www.w3.org/1999/02/22-rdf-syntax-ns#> SELECT DISTINCT ?uriWHERE { ?uri rdf:type dbo:ProgrammingLanguage . ?uri dbo:influenced res:JavaScript . }"
"264"	"boolean"	"Did Che Guevara have children?"	"PREFIX dbo: <http://dbpedia.org/ontology/>PREFIX res: <http://dbpedia.org/resource/>ASKWHERE { res:Che_Guevara dbo:child ?uri . }"
"265"	"resource"	"List all the musicals with music by Elton John."	"PREFIX dbo: <http://dbpedia.org/ontology/>PREFIX res: <http://dbpedia.org/resource/>PREFIX rdf: <http://www.w3.org/1999/02/22-rdf-syntax-ns#> SELECT DISTINCT ?uriWHERE { ?uri rdf:type dbo:Musical . ?uri dbo:musicBy res:Elton_John .}"
"266"	"resource"	"Show me all the breweries in Australia."	"PREFIX dbo: <http://dbpedia.org/ontology/>PREFIX res: <http://dbpedia.org/resource/>PREFIX rdf: <http://www.w3.org/1999/02/22-rdf-syntax-ns#> SELECT DISTINCT ?uri ?xWHERE { ?uri rdf:type dbo:Brewery . { ?uri dbo:location res:Australia . } UNION { ?uri dbo:location ?x . ?x dbo:country res:Australia . } }"
"267"	"date"	"When was the Titanic completed?"	"PREFIX dbo: <http://dbpedia.org/ontology/>PREFIX res: <http://dbpedia.org/resource/>SELECT DISTINCT ?dateWHERE { res:RMS_Titanic dbo:completionDate ?date . }"
"268"	"number"	"How much did Pulp Fiction cost?"	"PREFIX dbo: <http://dbpedia.org/ontology/>PREFIX res: <http://dbpedia.org/resource/>SELECT DISTINCT ?nWHERE { res:Pulp_Fiction dbo:budget ?n . }"
"269"	"number"	"How many airlines are there?"	"PREFIX dbo: <http://dbpedia.org/ontology/>PREFIX rdf: <http://www.w3.org/1999/02/22-rdf-syntax-ns#> SELECT COUNT(DISTINCT ?uri)WHERE { ?uri rdf:type dbo:Airline . }"
"270"	"resource"	"Who played Agent Smith in Matrix?"	"PREFIX dbp: <http://dbpedia.org/property/>PREFIX res: <http://dbpedia.org/resource/>SELECT DISTINCT ?uriWHERE { res:Agent_Smith dbp:portrayer ?uri . }"
"271"	"number"	"How much carbs does peanut butter have?"	"PREFIX dbp: <http://dbpedia.org/property/>PREFIX res: <http://dbpedia.org/resource/>SELECT DISTINCT ?carbsWHERE { res:Peanut_butter dbp:carbs ?carbs .}"
"272"	"resource"	"Which book has the most pages?"	"PREFIX dbo: <http://dbpedia.org/ontology/>PREFIX rdf: <http://www.w3.org/1999/02/22-rdf-syntax-ns#> SELECT DISTINCT ?uriWHERE { ?uri rdf:type dbo:Book . ?uri dbo:numberOfPages ?n .}ORDER BY DESC(?n)OFSET 0 LIMIT 1"
"273"	"resource"	"Which bridges cross the Seine?"	"PREFIX dbo: <http://dbpedia.org/ontology/>PREFIX res: <http://dbpedia.org/resource/>PREFIX rdf: <http://www.w3.org/1999/02/22-rdf-syntax-ns#> SELECT DISTINCT ?uriWHERE { ?uri rdf:type dbo:Bridge . ?uri dbo:crosses res:Seine .}"
"274"	"resource"	"Who is the mayor of the capital of French Polynesia?"	"PREFIX dbo: <http://dbpedia.org/ontology/>PREFIX res: <http://dbpedia.org/resource/>SELECT DISTINCT ?uri WHERE { res:French_Polynesia dbo:capital ?x . ?x dbo:mayor ?uri .}"
"275"	"resource"	"When did Dracula's creator die?"	"PREFIX dbo: <http://dbpedia.org/ontology/>PREFIX res: <http://dbpedia.org/resource/>SELECT DISTINCT ?dateWHERE { res:Count_Dracula dbo:creator ?x . ?x dbo:deathDate ?date .}"
"276"	"resource"	"What is the location of the Houses of Parliament?"	"PREFIX dbo: <http://dbpedia.org/ontology/> PREFIX res: <http://dbpedia.org/resource/> PREFIX rdf: <http://www.w3.org/1999/02/22-rdf-syntax-ns#> SELECT ?uri WHERE { res:Palace_of_Westminster dbo:location ?uri .}"
"277"	"resource"	"Show me all English Gothic buildings in Kent."	"PREFIX dbo: <http://dbpedia.org/ontology/> PREFIX res: <http://dbpedia.org/resource/> PREFIX rdf: <http://www.w3.org/1999/02/22-rdf-syntax-ns#> SELECT ?uri WHERE { ?uri rdf:type dbo:Building . ?uri dbo:architecturalStyle res:English_Gothic_architecture . ?uri dbo:location res:Kent .}"
"278"	"resource"	"Who was the pope that founded the Vatican Television?"	"PREFIX dbo: <http://dbpedia.org/ontology/> PREFIX res: <http://dbpedia.org/resource/> PREFIX rdf: <http://www.w3.org/1999/02/22-rdf-syntax-ns#> SELECT ?uri WHERE { ?uri rdf:type dbo:Pope . res:Vatican_Television_Center dbo:foundedBy ?uri .}"
"279"	"resource"	"What airlines are part of the SkyTeam alliance?"	"PREFIX res: <http://dbpedia.org/resource/>PREFIX dbp: <http://dbpedia.org/property/> PREFIX dbo: <http://dbpedia.org/ontology/> PREFIX rdf: <http://www.w3.org/1999/02/22-rdf-syntax-ns#>SELECT DISTINCT ?uri WHERE { ?uri rdf:type dbo:Airline . { ?uri dbp:aliance res:SkyTeam . } UNION { ?uri dbo:Alliance res:SkyTeam . }"
"280"	"number"	"What is the total population of Melbourne, Florida?"	"PREFIX dbo: <http://dbpedia.org/ontology/> SELECT ?uri WHERE { <http://dbpedia.org/resource/Melbourne,_Florida> dbo:populationTotal ?uri .}"
"281"	"resource"	"Which airports does Air China serve?"	"PREFIX res: <http://dbpedia.org/resource/>PREFIX dbo: <http://dbpedia.org/ontology/> SELECT DISTINCT ?uri WHERE { res:Air_China dbo:targetAirport ?uri .}"
"282"	"date"	"In which year was Rachel Stevens born?"	"PREFIX res: <http://dbpedia.org/resource/>PREFIX dbo: <http://dbpedia.org/ontology/> SELECT DISTINCT ?uri WHERE { res:Rachel_Stevens dbo:birthYear ?uri .}"
"283"	"resource"	"Where was JFK assassinated?"	"PREFIX res: <http://dbpedia.org/resource/>PREFIX dbo: <http://dbpedia.org/ontology/> SELECT DISTINCT ?uri WHERE { res:John_F._Kennedy dbo:deathPlace ?uri .}"
"284"	"number"	"How many politicians graduated from Columbia University?"	"PREFIX res: <http://dbpedia.org/resource/>PREFIX dbo: <http://dbpedia.org/ontology/> SELECT DISTINCT COUNT(?uri) WHERE { ?uri dbo:profession res:Politician . ?uri dbo:almaMater res:Columbia_University .}"
"285"	"resource"	"Which scientist is known for the Manhattan Project and the Nobel Peace Prize?"	"PREFIX res: <http://dbpedia.org/resource/>PREFIX dbo: <http://dbpedia.org/ontology/> PREFIX rdf: <http://www.w3.org/1999/02/22-rdf-syntax-ns#>SELECT DISTINCT ?uriWHERE { ?uri dbo:knownFor res:Manhattan_Project . ?uri rdf:type dbo:Scientist . ?uri dbo:knownFor res:Nobel_Peace_Prize .}"
"286"	"resource"	"What is the highest volcano in Africa?"	"PREFIX dbo: <http://dbpedia.org/ontology/>PREFIX res: <http://dbpedia.org/resource/>PREFIX rdf: <http://www.w3.org/1999/02/22-rdf-syntax-ns#>PREFIX yago: <http://dbpedia.org/clas/yago/> SELECT DISTINCT ?uri WHERE { ?uri rdf:type dbo:Volcano . ?uri dbo:locatedInArea ?area . ?area rdf:type yago:AfricanCountries . ?uri dbo:elevation ?elevation .}ORDER BY DESC(?elevation) OFSET 0 LIMIT 1"
"287"	"resource"	"Which beer originated in Ireland?"	"PREFIX res: <http://dbpedia.org/resource/>PREFIX dbp: <http://dbpedia.org/property/> SELECT DISTINCT ?uri WHERE { ?uri dbp:type res:Ber . ?uri dbp:origin ""Ireland""@en .}"
"288"	"resource"	"What are the specialities of the UNC Health Care?"	"PREFIX dbo: <http://dbpedia.org/ontology/>PREFIX res: <http://dbpedia.org/resource/>PREFIX dbp: <http://dbpedia.org/property/> PREFIX rdf: <http://www.w3.org/1999/02/22-rdf-syntax-ns#>SELECT DISTINCT ?uriWHERE { res:UNC_Health_Care dbp:speciality ?uri .}"
"289"	"resource"	"Who is the owner of Facebook?"	"PREFIX dbo: <http://dbpedia.org/ontology/>PREFIX res: <http://dbpedia.org/resource/>SELECT DISTINCT ?uriWHERE { res:Facebook dbo:foundedBy ?uri .}"
"290"	"resource"	"From which region is the Melon de Bourgogne?"	"PREFIX res: <http://dbpedia.org/resource/>PREFIX dbo: <http://dbpedia.org/ontology/> SELECT DISTINCT ?uriWHERE { res:Melon_de_Bourgogne dbo:wineRegion ?uri .}"
"291"	"resource"	"Who was influenced by Socrates?"	"PREFIX res: <http://dbpedia.org/resource/>PREFIX dbo: <http://dbpedia.org/ontology/> SELECT DISTINCT ?uriWHERE { ?uri dbo:influencedBy res:Socrates .}"
"292"	"resource"	"Who was president of Pakistan in 1978?"	"PREFIX res: <http://dbpedia.org/resource/>PREFIX dbp: <http://dbpedia.org/property/> SELECT DISTINCT ?uri WHERE { ?uri dbp:title res:President_of_Pakistan . ?uri dbp:years 1978 .}"
"293"	"resource"	"Give me English actors starring in Lovesick."	"PREFIX res: <http://dbpedia.org/resource/>PREFIX dbo: <http://dbpedia.org/ontology/> PREFIX yago: <http://dbpedia.org/clas/yago/> SELECT DISTINCT ?uriWHERE { res:Lovesick dbo:starring ?uri . { ?uri dbo:birthPlace res:England . } UNION { ?uri rdf:type yago:EnglishFilmActors . }"
"294"	"resource"	"Give me all types of eating disorders."	"PREFIX yago: <http://dbpedia.org/clas/yago/> PREFIX rdf: <http://www.w3.org/1999/02/22-rdf-syntax-ns#>SELECT DISTINCT ?uriWHERE { ?uri rdf:type yago:EatingDisorders .}"
"295"	"resource"	"Who was married to president Chirac?"	"PREFIX dbo: <http://dbpedia.org/ontology/> PREFIX res: <http://dbpedia.org/resource/> SELECT DISTINCT ?uriWHERE { res:Jacques_Chirac dbo:spouse ?uri .}"
"296"	"resource"	"What is the largest metropolitan area in Washington state?"	"PREFIX res: <http://dbpedia.org/resource/>PREFIX dbp: <http://dbpedia.org/property/> SELECT DISTINCT ?uriWHERE { <http://dbpedia.org/resource/Washington_(state)> dbp:largestmetro ?uri .}"
"297"	"resource"	"Where in France is sparkling wine produced?"	"PREFIX res: <http://dbpedia.org/resource/>PREFIX dbo: <http://dbpedia.org/ontology/> SELECT DISTINCT ?uriWHERE { ?uri dbo:wineProduced res:Sparkling_wine . ?uri dbo:location res:France .}"
"298"	"resource"	"Where did Hillel Slovak die?"	"PREFIX res: <http://dbpedia.org/resource/>PREFIX dbo: <http://dbpedia.org/ontology/> SELECT DISTINCT ?uriWHERE { res:Hillel_Slovak dbo:deathPlace ?uri .}"
"299"	"resource"	"What is the timezone in San Pedro de Atacama?"	"PREFIX res: <http://dbpedia.org/resource/>PREFIX dbo: <http://dbpedia.org/timezone/> SELECT DISTINCT ?uriWHERE { res:San_Pedro_de_Atacama dbo:timezone ?uri .}"
"300"	"resource"	"In which city does the Chile Route 68 end?"	"PREFIX res: <http://dbpedia.org/resource/>PREFIX dbo: <http://dbpedia.org/ontology/> SELECT DISTINCT ?uriWHERE { res:Chile_Route_68 dbo:routeEnd ?uri .}"
