"0","-","When was the Battle of Gettysburg?","-","PREFIX dbo: <http://dbpedia.org/ontology/>PREFIX res: <http://dbpedia.org/resource/>SELECT DISTINCT ?date WHERE {        res:Battle_of_Gettysburg dbo:date ?date .}"
"1","-","List all the musicals with music by Elton John.","-","PREFIX dbo: <http://dbpedia.org/ontology/>PREFIX res: <http://dbpedia.org/resource/>PREFIX rdf: <http://www.w3.org/1999/02/22-rdf-syntax-ns#> SELECT DISTINCT ?uriWHERE {         ?uri rdf:type dbo:Musical .        ?uri dbo:musicBy res:Elton_John .}"
"2","WORKS","How high is the lighthouse in Colombo?","SELECT ?objOfProp WHERE { ?Arg <http://dbpedia.org/ontology/elevation> ?objOfProp .}","SELECT DISTINCT ?num WHERE {  <http://dbpedia.org/resource/Colombo_Lighthouse> <http://dbpedia.org/ontology/height> ?num . } "
"3","WORKS","Who was the wife of U.S. president Lincoln?","SELECT ?objOfProp WHERE { ?Arg <http://dbpedia.org/ontology/spouse> ?objOfProp .}","PREFIX dbo: <http://dbpedia.org/ontology/>PREFIX res: <http://dbpedia.org/resource/>SELECT DISTINCT ?uri WHERE {"
"4","WORKS","Who is the host of the BBC Wildlife Specials?","SELECT ?objOfProp WHERE { <http://dbpedia.org/resource/BBC_Wildlife_Specials> <http://dbpedia.org/ontology/presenter> ?objOfProp .}","SELECT DISTINCT ?uri WHERE { <http://dbpedia.org/resource/BBC_Wildlife_Specials> <http://dbpedia.org/ontology/presenter> ?uri . }"
"5","WORKS","How much did Pulp Fiction cost?","SELECT ?objOfProp WHERE { <http://dbpedia.org/resource/Pulp_Fiction> <http://dbpedia.org/ontology/budget> ?objOfProp .}","SELECT DISTINCT ?n WHERE {  <http://dbpedia.org/resource/Pulp_Fiction> <http://dbpedia.org/ontology/budget> ?n . } "
"6","-","In what city is the Heineken brewery?","-","SELECT DISTINCT ?uri WHERE { <http://dbpedia.org/resource/Heineken> <http://dbpedia.org/ontology/manufacturer> ?x . ?x <http://dbpedia.org/ontology/locationCity> ?uri . }"
"7","WORKS","When did Operation Overlord commence?","SELECT ?objOfProp WHERE { <http://dbpedia.org/resource/Operation_Overlord> <http://dbpedia.org/ontology/date> ?objOfProp .}","SELECT DISTINCT ?d WHERE { <http://dbpedia.org/resource/Operation_Overlord> <http://dbpedia.org/ontology/date> ?d . } "
"8","WORKS","In which city does the Chile Route 68 end?","SELECT ?objOfProp WHERE { <http://dbpedia.org/resource/Chile_Route_68> <http://dbpedia.org/ontology/routeEnd> ?objOfProp .}","SELECT DISTINCT ?uri WHERE {  <http://dbpedia.org/resource/Chile_Route_68> <http://dbpedia.org/ontology/routeEnd> ?uri . } "
"9","WORKS","Who developed Slack?","SELECT ?objOfProp WHERE { <http://dbpedia.org/resource/Slack_(software)> <http://dbpedia.org/ontology/developer> ?objOfProp .}","SELECT DISTINCT ?uri WHERE { ?uri <http://dbpedia.org/ontology/product> <http://dbpedia.org/resource/Slack_(software)> . }"
"10","-","Who was married to president Chirac?","-","PREFIX dbo: <http://dbpedia.org/ontology/> PREFIX res: <http://dbpedia.org/resource/> SELECT DISTINCT ?uriWHERE {          res:Jacques_Chirac dbo:spouse ?uri .}"
"11","WORKS","What did Bruce Carver die from?","SELECT ?objOfProp WHERE { <http://dbpedia.org/resource/Bruce_Carver> <http://dbpedia.org/ontology/deathCause> ?objOfProp .}","PREFIX res: <http://dbpedia.org/resource/>PREFIX dbo: <http://dbpedia.org/ontology/>SELECT DISTINCT ?uriWHERE {        res:Bruce_Carver dbo:deathCause ?uri .     }"
"12","WORKS","Who painted The Storm on the Sea of Galilee?","SELECT ?objOfProp WHERE { ?Arg <http://dbpedia.org/ontology/artist> ?objOfProp .}","PREFIX dbp: <http://dbpedia.org/property/>PREFIX res: <http://dbpedia.org/resource/>SELECT DISTINCT ?uri WHERE {"
"13","WORKS","Which cities does the Weser flow through?","SELECT ?objOfProp WHERE { <http://dbpedia.org/resource/Weser> <http://dbpedia.org/ontology/city> ?objOfProp .}","SELECT DISTINCT ?uri WHERE {  <http://dbpedia.org/resource/Weser> <http://dbpedia.org/ontology/city> ?uri . } "
"14","WORKS","How many seats does the home stadium of FC Porto have?","SELECT ?objOfProp WHERE { ?Arg <http://dbpedia.org/ontology/ground> ?objOfProp .}","SELECT DISTINCT ?n WHERE { <http://dbpedia.org/resource/FC_Porto> <http://dbpedia.org/ontology/ground> ?x . ?x <http://dbpedia.org/ontology/seatingCapacity> ?n . } "
"15","WORKS","Who is the daughter of Robert Kennedy married to?","SELECT ?objOfProp WHERE { ?Arg <http://dbpedia.org/ontology/child> ?objOfProp .}","SELECT DISTINCT ?uri WHERE {  <http://dbpedia.org/resource/Robert_F._Kennedy> <http://dbpedia.org/ontology/child> ?child .  ?child <http://dbpedia.org/ontology/spouse> ?uri . } "
"16","-","Which books by Kerouac were published by Viking Press?","-","SELECT DISTINCT ?uri WHERE {  ?uri <http://www.w3.org/1999/02/22-rdf-syntax-ns#type> <http://dbpedia.org/ontology/Book> .  ?uri <http://dbpedia.org/ontology/publisher> <http://dbpedia.org/resource/Viking_Press> .  ?uri <http://dbpedia.org/ontology/author> <http://dbpedia.org/resource/Jack_Kerouac> . } "
"17","WORKS","How tall is Amazon Eve?","SELECT ?objOfProp WHERE { ?Arg <http://dbpedia.org/ontology/elevation> ?objOfProp .}","SELECT DISTINCT ?height WHERE {  <http://dbpedia.org/resource/Amazon_Eve> <http://dbpedia.org/ontology/height> ?height . } "
"18","WORKS","Which museum exhibits The Scream by Munch?","SELECT ?objOfProp WHERE { ?Arg <http://dbpedia.org/ontology/museum> ?objOfProp .}","PREFIX dbo: <http://dbpedia.org/ontology/>PREFIX res: <http://dbpedia.org/resource/>SELECT DISTINCT ?uriWHERE {       res:The_Scream dbo:museum ?uri .}"
"19","WORKS","Who wrote the book Les Piliers de la terre?","SELECT ?objOfProp WHERE { ?Arg <http://dbpedia.org/ontology/composer> ?objOfProp .}","PREFIX dbo: <http://dbpedia.org/ontology/>PREFIX res: <http://dbpedia.org/resource/>SELECT DISTINCT ?uri WHERE {"
"20","-","Is James Bond married?","-","PREFIX dbo: <http://dbpedia.org/ontology/>PREFIX res: <http://dbpedia.org/resource/>ASK WHERE {        res:James_Bond dbo:spouse ?uri . }"
"21","WORKS","Who discovered Ceres?","SELECT ?objOfProp WHERE { <http://dbpedia.org/resource/Ceres_(dwarf_planet)> <http://dbpedia.org/ontology/discoverer> ?objOfProp .}","SELECT DISTINCT ?uri WHERE { <http://dbpedia.org/resource/Ceres_(dwarf_planet)> <http://dbpedia.org/ontology/discoverer> ?uri . }"
"22","WORKS","Which river does the Brooklyn Bridge cross?","SELECT ?objOfProp WHERE { <http://dbpedia.org/resource/Brooklyn_Bridge> <http://dbpedia.org/ontology/crosses> ?objOfProp .}","PREFIX dbo: <http://dbpedia.org/ontology/>PREFIX res: <http://dbpedia.org/resource/>SELECT DISTINCT ?uriWHERE {               res:Brooklyn_Bridge dbo:crosses ?uri . }"
"23","-","Who was called Frank The Tank?","-","PREFIX dbp: <http://dbpedia.org/property/> SELECT DISTINCT ?uri WHERE {         ?uri dbp:nickname 'Frank The Tank'@en . }"
"24","-","What is the largest country in the world?","-","SELECT DISTINCT ?uri WHERE { ?uri a <http://dbpedia.org/ontology/Country> . ?uri <http://dbpedia.org/ontology/areaTotal> ?n . } ORDER BY DESC(?n) OFFSET 0 LIMIT 1"
"25","WORKS","Who is the mayor of Paris?","SELECT ?objOfProp WHERE { ?Arg <http://dbpedia.org/ontology/leaderName> ?objOfProp .}","SELECT DISTINCT ?uri WHERE { <http://dbpedia.org/resource/Paris> <http://dbpedia.org/ontology/mayor> ?uri . }"
"26","WORKS","Who is the coach of Ankara's ice hockey team?","SELECT ?objOfProp WHERE { ?Arg <http://dbpedia.org/ontology/coach> ?objOfProp .}","SELECT DISTINCT ?uri WHERE { ?x <http://dbpedia.org/ontology/city> <http://dbpedia.org/resource/Ankara> . ?x <http://dbpedia.org/ontology/league> <http://dbpedia.org/resource/Turkish_Ice_Hockey_First_League> . ?x <http://dbpedia.org/ontology/coach> ?uri . }"
"27","WORKS","Who is the mayor of the capital of French Polynesia?","SELECT ?objOfProp WHERE { <http://dbpedia.org/resource/Papeete> <http://dbpedia.org/ontology/leaderName> ?objOfProp .}","PREFIX dbo: <http://dbpedia.org/ontology/>PREFIX res: <http://dbpedia.org/resource/>SELECT DISTINCT ?uri WHERE {         res:French_Polynesia dbo:capital ?x .        ?x dbo:mayor ?uri .}"
"28","WORKS","Which awards did Douglas Hofstadter win?","SELECT ?objOfProp WHERE { <http://dbpedia.org/resource/Douglas_Hofstadter> <http://dbpedia.org/ontology/award> ?objOfProp .}","PREFIX res: <http://dbpedia.org/resource/>PREFIX dbo: <http://dbpedia.org/ontology/>SELECT DISTINCT ?uriWHERE {        res:Douglas_Hofstadter dbo:award ?uri .}"
"29","WORKS","How much did the Lego Movie cost?","SELECT ?objOfProp WHERE { <http://dbpedia.org/resource/The_Lego_Movie> <http://dbpedia.org/ontology/budget> ?objOfProp .}","SELECT DISTINCT ?n WHERE { <http://dbpedia.org/resource/The_Lego_Movie> <http://dbpedia.org/ontology/budget> ?n . } "
"30","WORKS","Where does Piccadilly start?","SELECT ?subjOfProp WHERE { ?subjOfProp <http://dbpedia.org/ontology/routeStart> <http://dbpedia.org/resource/Piccadilly> .}","SELECT DISTINCT ?uri WHERE { ?uri <http://dbpedia.org/ontology/routeStart> <http://dbpedia.org/resource/Piccadilly>. } "
"31","-","Do Prince Harry and Prince William have the same parents?","-","PREFIX dbo: <http://dbpedia.org/ontology/> ASKWHERE {         <http://dbpedia.org/resource/Prince_William,_Duke_of_Cambridge> dbo:parent ?x .         <http://dbpedia.org/resource/Prince_Harry> dbo:parent ?x .}"
"32","WORKS","Who played Agent Smith in Matrix?","SELECT ?objOfProp WHERE { ?Arg <http://dbpedia.org/ontology/portrayer> ?objOfProp .}","PREFIX dbp: <http://dbpedia.org/property/>PREFIX res: <http://dbpedia.org/resource/>SELECT DISTINCT ?uriWHERE {         res:Agent_Smith dbp:portrayer ?uri . }"
"33","WORKS","How many languages are spoken in Turkmenistan?","SELECT (COUNT(DISTINCT ?objOfProp) as ?c) WHERE { <http://dbpedia.org/resource/Turkmenistan_(TV_channel)> <http://dbpedia.org/ontology/language> ?objOfProp .}","SELECT (COUNT(DISTINCT ?x) as ?c) WHERE {  <http://dbpedia.org/resource/Turkmenistan> <http://dbpedia.org/ontology/language> ?x . } "
"34","-","In which films did Julia Roberts as well as Richard Gere play?","-","SELECT DISTINCT ?uri WHERE {  ?uri <http://www.w3.org/1999/02/22-rdf-syntax-ns#type> <http://dbpedia.org/ontology/Film> .  ?uri <http://dbpedia.org/ontology/starring> <http://dbpedia.org/resource/Julia_Roberts> .  ?uri <http://dbpedia.org/ontology/starring> <http://dbpedia.org/resource/Richard_Gere> . } "
"35","WORKS","In which country does the Ganges start?","SELECT ?objOfProp WHERE { <http://dbpedia.org/resource/Ganges> <http://dbpedia.org/ontology/sourceCountry> ?objOfProp .}","PREFIX dbo: <http://dbpedia.org/ontology/> PREFIX res: <http://dbpedia.org/resource/> SELECT DISTINCT ?uri WHERE {         res:Ganges dbo:sourceCountry ?uri .}"
"36","WORKS","In which year was Rachel Stevens born?","SELECT ?objOfProp WHERE { <http://dbpedia.org/resource/Rachel_Stevens> <http://dbpedia.org/ontology/birthYear> ?objOfProp .}","SELECT DISTINCT ?uri WHERE {  <http://dbpedia.org/resource/Rachel_Stevens> <http://dbpedia.org/ontology/birthYear> ?uri . } "
"37","-","Is Barack Obama a democrat?","-","PREFIX dbo: <http://dbpedia.org/ontology/>PREFIX res: <http://dbpedia.org/resource/>ASKWHERE {         res:Barack_Obama dbo:party <http://dbpedia.org/resource/Democratic_Party_(United_States)> . }"
"38","WORKS","Where was Bach born?","SELECT ?objOfProp WHERE { <http://dbpedia.org/resource/Bach_(actor)> <http://dbpedia.org/ontology/birthPlace> ?objOfProp .}","PREFIX dbo: <http://dbpedia.org/ontology/>PREFIX res: <http://dbpedia.org/resource/>SELECT DISTINCT ?uri WHERE {        res:Johann_Sebastian_Bach dbo:birthPlace ?uri .}"
"39","WORKS","How often did Jane Fonda marry?","SELECT (COUNT(DISTINCT ?objOfProp) as ?c) WHERE { <http://dbpedia.org/resource/Jane_Fonda> <http://dbpedia.org/ontology/spouse> ?objOfProp .}","SELECT (COUNT(DISTINCT ?uri) as ?c) WHERE {  <http://dbpedia.org/resource/Jane_Fonda> <http://dbpedia.org/ontology/spouse> ?uri . } "
"40","-","Who was the first to climb Mount Everest?","-","PREFIX res: <http://dbpedia.org/resource/>PREFIX dbo: <http://dbpedia.org/ontology/>SELECT DISTINCT ?uriWHERE {          res:Mount_Everest dbo:firstAscentPerson ?uri . }"
"41","WORKS","How many people live in Poland?","SELECT ?objOfProp WHERE { <http://dbpedia.org/resource/Poland> <http://dbpedia.org/ontology/populationTotal> ?objOfProp .}","SELECT DISTINCT ?uri WHERE { <http://dbpedia.org/resource/Poland> <http://dbpedia.org/ontology/populationTotal> ?uri . }  "
"42","WORKS","What is the location of the Houses of Parliament?","SELECT ?objOfProp WHERE { ?Arg <http://dbpedia.org/ontology/locatedInArea> ?objOfProp .}","SELECT ?uri WHERE {  <http://dbpedia.org/resource/Palace_of_Westminster> <http://dbpedia.org/ontology/location> ?uri . } "
"43","-","Is Christian Bale starring in Batman Begins?","-","PREFIX dbo: <http://dbpedia.org/ontology/>PREFIX res: <http://dbpedia.org/resource/>ASK WHERE {"
"44","WORKS","In which country is the Limerick Lake?","SELECT ?objOfProp WHERE { ?Arg <http://dbpedia.org/ontology/birthPlace> ?objOfProp .}","PREFIX dbo: <http://dbpedia.org/ontology/>PREFIX res: <http://dbpedia.org/resource/>SELECT DISTINCT ?uri WHERE { "
"45","-","What was the last movie with Alec Guinness?","-","SELECT DISTINCT ?uri WHERE {  ?uri <http://www.w3.org/1999/02/22-rdf-syntax-ns#type> <http://dbpedia.org/ontology/Film> .  ?uri <http://dbpedia.org/ontology/starring> <http://dbpedia.org/resource/Alec_Guinness> .  ?uri <http://dbpedia.org/ontology/releaseDate> ?date . } ORDER BY DESC(?date) LIMIT 1 "
"46","WORKS","What is the highest mountain in Australia?","SELECT DISTINCT ?objOfProp WHERE { ?objOfProp <http://www.w3.org/1999/02/22-rdf-syntax-ns#type> <http://dbpedia.org/ontology/Mountain> . ?objOfProp <http://dbpedia.org/ontology/locatedInArea> <http://dbpedia.org/resource/Australia> . ?objOfProp <http://dbpedia.org/ontology/elevation> ?num . } ORDER BY DESC(?num) LIMIT 1","PREFIX dbo: <http://dbpedia.org/ontology/>PREFIX res: <http://dbpedia.org/resource/>PREFIX rdf: <http://www.w3.org/1999/02/22-rdf-syntax-ns#>SELECT DISTINCT ?uri WHERE {"
"47","-","Is Frank Herbert still alive?","-","PREFIX dbo: <http://dbpedia.org/ontology/>PREFIX res: <http://dbpedia.org/resource/>ASK WHERE {"
"48","WORKS","Who created Family Guy?","SELECT ?objOfProp WHERE { ?Arg <http://dbpedia.org/ontology/author> ?objOfProp .}","SELECT DISTINCT ?uri WHERE { <http://dbpedia.org/resource/Family_Guy> <http://dbpedia.org/ontology/creator> ?uri . }  "
"49","WORKS","What is the official language of Suriname?","SELECT ?objOfProp WHERE { <http://dbpedia.org/resource/Suriname> <http://dbpedia.org/ontology/officialLanguage> ?objOfProp .}","PREFIX dbo: <http://dbpedia.org/ontology/>PREFIX res: <http://dbpedia.org/resource/>SELECT DISTINCT ?uriWHERE {         res:Suriname dbo:officialLanguage ?uri .}"
"50","WORKS","Who wrote the song Hotel California?","SELECT ?objOfProp WHERE { ?Arg <http://dbpedia.org/ontology/composer> ?objOfProp .}","SELECT DISTINCT ?uri WHERE { <http://dbpedia.org/resource/Hotel_California> <http://dbpedia.org/ontology/writer> ?uri . }"
"51","WORKS","Give me all actors starring in movies directed by William Shatner.","SELECT ?objOfProp WHERE { ?Arg <http://dbpedia.org/ontology/starring> ?objOfProp .}","SELECT DISTINCT ?uri WHERE {  ?x <http://dbpedia.org/ontology/director> <http://dbpedia.org/resource/William_Shatner> .  ?x <http://dbpedia.org/ontology/starring> ?uri . } "
"52","-","What is in a chocolate chip cookie?","-","SELECT DISTINCT ?uri WHERE { <http://dbpedia.org/resource/Chocolate_chip_cookie> <http://dbpedia.org/ontology/ingredient> ?uri . }"
"53","-","Give me all professional skateboarders from Sweden.","-","PREFIX dbo: <http://dbpedia.org/ontology/>PREFIX dbp: <http://dbpedia.org/property/>PREFIX res: <http://dbpedia.org/resource/>SELECT DISTINCT ?uri WHERE {"
"54","-","Which ingredients do I need for carrot cake?","-","SELECT DISTINCT ?uri WHERE {  <http://dbpedia.org/resource/Carrot_cake> <http://dbpedia.org/ontology/ingredient> ?uri . } "
"55","-","Does Neymar play for Real Madrid?","-","ASK WHERE { <http://dbpedia.org/resource/Neymar> <http://dbpedia.org/ontology/team> <http://dbpedia.org/resource/Real_Madrid_C.F.> . }"
"56","-","Which computer scientist won an oscar?","-","SELECT DISTINCT ?uri WHERE { { ?uri <http://dbpedia.org/ontology/field> <http://dbpedia.org/resource/Computer_science> . } UNION { ?uri <http://purl.org/dc/elements/1.1/description> ?s . FILTER regex(?s,'computer scientist','i') } ?uri <http://dbpedia.org/ontology/award> <http://dbpedia.org/resource/Academy_Awards> . } "
"57","-","How many companies were founded in the same year as Google?","-","SELECT (COUNT(DISTINCT ?uri) as ?c) WHERE {  ?uri <http://www.w3.org/1999/02/22-rdf-syntax-ns#type> <http://dbpedia.org/ontology/Company> .  ?uri <http://dbpedia.org/ontology/foundingYear> ?year .  <http://dbpedia.org/resource/Google> <http://dbpedia.org/ontology/foundingYear> ?year . } "
"58","-","In which UK city are the headquarters of the MI6?","-","PREFIX res: <http://dbpedia.org/resource/> PREFIX dbo: <http://dbpedia.org/ontology/> PREFIX rdf: <http://www.w3.org/1999/02/22-rdf-syntax-ns#>SELECT DISTINCT ?uri WHERE {         res:Secret_Intelligence_Service dbo:headquarter ?uri .         ?uri dbo:country res:United_Kingdom . }"
"59","-","Was the Cuban Missile Crisis earlier than the Bay of Pigs Invasion?","-","PREFIX dbo: <http://dbpedia.org/ontology/>PREFIX res: <http://dbpedia.org/resource/>ASK WHERE {        res:Cuban_Missile_Crisis dbo:date ?x ."
"60","WORKS","What does IYCM stand for?","SELECT ?subjOfProp WHERE { ?subjOfProp <http://dbpedia.org/ontology/abbreviation> <IYCM> .}","PREFIX dbo: <http://dbpedia.org/ontology/>PREFIX res: <http://dbpedia.org/resource/>SELECT DISTINCT ?uriWHERE {        ?uri dbo:abbreviation 'IYCM' .}"
"61","WORKS","When did the Ming dynasty dissolve?","SELECT ?objOfProp WHERE { ?Arg <http://dbpedia.org/ontology/deathDate> ?objOfProp .}","PREFIX res: <http://dbpedia.org/resource/>PREFIX dbo: <http://dbpedia.org/ontology/> SELECT DISTINCT ?dateWHERE {          res:Ming_dynasty dbo:dissolutionDate ?date .}"
"62","WORKS","List all episodes of the first season of the HBO television series The Sopranos!","SELECT ?objOfProp WHERE { ?Arg <http://dbpedia.org/ontology/seasonNumber> ?objOfProp .}","PREFIX dbo: <http://dbpedia.org/ontology/>PREFIX res: <http://dbpedia.org/resource/>SELECT DISTINCT ?uri WHERE {"
"63","WORKS","What is the total population of Melbourne, Florida?","SELECT ?objOfProp WHERE { <http://dbpedia.org/resource/Melbourne> <http://dbpedia.org/ontology/populationTotal> ?objOfProp .}","PREFIX dbo: <http://dbpedia.org/ontology/> SELECT ?uri WHERE {         <http://dbpedia.org/resource/Melbourne,_Florida> dbo:populationTotal ?uri .}"
"64","-","Did Arnold Schwarzenegger attend a university?","-","PREFIX dbo: <http://dbpedia.org/ontology/>PREFIX res: <http://dbpedia.org/resource/> PREFIX rdf: <http://www.w3.org/1999/02/22-rdf-syntax-ns#>ASKWHERE {        res:Arnold_Schwarzenegger dbo:almaMater ?x .        ?x rdf:type dbo:University .}"
"65","WORKS","What country is Mount Everest in?","SELECT ?objOfProp WHERE { ?Arg <http://dbpedia.org/ontology/birthPlace> ?objOfProp .}","PREFIX dbo: <http://dbpedia.org/ontology/>PREFIX res: <http://dbpedia.org/resource/>PREFIX rdf: <http://www.w3.org/1999/02/22-rdf-syntax-ns#> SELECT DISTINCT ?uriWHERE {         res:Mount_Everest dbo:locatedInArea ?uri .         ?uri rdf:type dbo:Country .}"
"66","WORKS","What is the largest city in Australia?","SELECT ?objOfProp WHERE { <http://dbpedia.org/resource/Australia> <http://dbpedia.org/ontology/largestCity> ?objOfProp .}","PREFIX dbo: <http://dbpedia.org/ontology/>PREFIX res: <http://dbpedia.org/resource/>SELECT DISTINCT ?uri WHERE {"
"67","WORKS","Give me all launch pads operated by NASA.","SELECT ?subjOfProp WHERE { ?subjOfProp <http://dbpedia.org/ontology/operator> <http://dbpedia.org/resource/NASA> .}","PREFIX dbo: <http://dbpedia.org/ontology/> PREFIX res: <http://dbpedia.org/resource/> PREFIX rdf: <http://www.w3.org/1999/02/22-rdf-syntax-ns#> SELECT DISTINCT ?uri WHERE {         ?uri rdf:type dbo:LaunchPad .          ?uri dbo:operator res:NASA . }"
"68","WORKS","Who is the mayor of Tel Aviv?","SELECT ?objOfProp WHERE { <http://dbpedia.org/resource/Tel_Aviv> <http://dbpedia.org/ontology/leaderName> ?objOfProp .}","PREFIX dbo: <http://dbpedia.org/ontology/>PREFIX res: <http://dbpedia.org/resource/>SELECT DISTINCT ?uriWHERE {         res:Tel_Aviv dbo:leaderName ?uri .}"
"69","WORKS","List all episodes of the first season of the HBO television series The Sopranos.","SELECT ?objOfProp WHERE { ?Arg <http://dbpedia.org/ontology/seasonNumber> ?objOfProp .}","PREFIX dbo: <http://dbpedia.org/ontology/>PREFIX res: <http://dbpedia.org/resource/>SELECT DISTINCT ?uri WHERE {        ?uri dbo:series res:The_Sopranos  .        ?uri dbo:seasonNumber 1 .}"
"70","WORKS","Who created Batman?","SELECT ?objOfProp WHERE { ?Arg <http://dbpedia.org/ontology/author> ?objOfProp .}","SELECT DISTINCT ?uri WHERE {  <http://dbpedia.org/resource/Batman> <http://dbpedia.org/ontology/creator> ?uri . } "
"71","WORKS","Who played Gus Fring in Breaking Bad?","SELECT ?objOfProp WHERE { ?Arg <http://dbpedia.org/ontology/portrayer> ?objOfProp .}","SELECT DISTINCT ?uri WHERE { <http://dbpedia.org/resource/Gus_Fring> <http://dbpedia.org/ontology/portrayer> ?uri . }"
"72","-","In which programming language is GIMP written?","-","PREFIX dbo: <http://dbpedia.org/ontology/>PREFIX res: <http://dbpedia.org/resource/>SELECT DISTINCT ?uri WHERE { "
"73","-","In which ancient empire could you pay with cocoa beans?","-","SELECT DISTINCT ?uri WHERE { ?uri <http://dbpedia.org/ontology/currency> <http://dbpedia.org/resource/Cocoa_bean> . }"
"74","WORKS","Who is the editor of Forbes?","SELECT ?objOfProp WHERE { <http://dbpedia.org/resource/Forbes> <http://dbpedia.org/ontology/editor> ?objOfProp .}","PREFIX res: <http://dbpedia.org/resource/>PREFIX dbo: <http://dbpedia.org/ontology/>SELECT DISTINCT ?uri WHERE {        res:Forbes dbo:editor ?uri .}"
"75","WORKS","How many people live in the capital of Australia?","SELECT ?objOfProp WHERE { <http://dbpedia.org/resource/Australia> <http://dbpedia.org/ontology/capital> ?objOfProp .}","PREFIX dbo: <http://dbpedia.org/ontology/>PREFIX res: <http://dbpedia.org/resource/>SELECT DISTINCT ?num WHERE {        res:Australia dbo:capital ?x .        ?x dbo:populationTotal ?num .}"
"76","-","Which professional surfers were born in Australia?","-","PREFIX dbo: <http://dbpedia.org/ontology/> PREFIX res: <http://dbpedia.org/resource/> SELECT DISTINCT ?uri WHERE {         ?uri dbo:occupation res:Surfing .          ?uri dbo:birthPlace res:Australia . }"
"77","-","Which electronics companies were founded in Beijing?","-","SELECT DISTINCT ?uri WHERE { ?uri a <http://dbpedia.org/ontology/Company> . ?uri <http://dbpedia.org/ontology/industry> <http://dbpedia.org/resource/Electronics> . ?uri <http://dbpedia.org/ontology/foundationPlace> <http://dbpedia.org/resource/Beijing> . }"
"78","WORKS","Give me all video games published by Mean Hamster Software.","SELECT ?subjOfProp WHERE { ?subjOfProp <http://dbpedia.org/ontology/publisher> <http://dbpedia.org/resource/Mean_Hamster_Software> .}","PREFIX dbo: <http://dbpedia.org/ontology/>PREFIX res: <http://dbpedia.org/resource/>PREFIX rdf: <http://www.w3.org/1999/02/22-rdf-syntax-ns#>SELECT DISTINCT ?uri WHERE {      ?uri rdf:type dbo:VideoGame .      ?uri dbo:publisher res:Mean_Hamster_Software . }"
"79","-","How many Aldi stores are there?","-","SELECT DISTINCT ?number WHERE {  <http://dbpedia.org/resource/Aldi> <http://dbpedia.org/ontology/numberOfLocations> ?number . } "
"80","WORKS","What is the capital of Cameroon?","SELECT ?objOfProp WHERE { <http://dbpedia.org/resource/Cameroon> <http://dbpedia.org/ontology/capital> ?objOfProp .}","SELECT DISTINCT ?uri WHERE { <http://dbpedia.org/resource/Cameroon> <http://dbpedia.org/ontology/capital> ?uri. } "
"81","-","Is there a video game called Battle Chess?","-","PREFIX dbo: <http://dbpedia.org/ontology/>PREFIX rdf: <http://www.w3.org/1999/02/22-rdf-syntax-ns#>PREFIX rdfs: <http://www.w3.org/2000/01/rdf-schema#>ASK WHERE {"
"82","WORKS","Was the wife of president Lincoln called Mary?","SELECT ?objOfProp WHERE { ?Arg <http://dbpedia.org/ontology/spouse> ?objOfProp .}","PREFIX dbo: <http://dbpedia.org/ontology/>PREFIX res: <http://dbpedia.org/resource/>PREFIX rdfs: <http://www.w3.org/2000/01/rdf-schema#>ASK WHERE {        res:Abraham_Lincoln dbo:spouse ?spouse .        ?spouse rdfs:label ?name .        FILTER(regex(?name,'Mary')) }"
"83","WORKS","Give me all movies directed by Francis Ford Coppola.","SELECT ?subjOfProp WHERE { ?subjOfProp <http://dbpedia.org/ontology/director> <http://dbpedia.org/resource/Francis_Ford_Coppola> .}","SELECT DISTINCT ?uri WHERE {  ?uri <http://www.w3.org/1999/02/22-rdf-syntax-ns#type> <http://dbpedia.org/ontology/Film> .  ?uri <http://dbpedia.org/ontology/director> <http://dbpedia.org/resource/Francis_Ford_Coppola> . } "
"84","-","Which of Tim Burton's films had the highest budget?","-","PREFIX dbo: <http://dbpedia.org/ontology/>PREFIX res: <http://dbpedia.org/resource/>SELECT DISTINCT ?uri WHERE {         ?uri dbo:director res:Tim_Burton .        ?uri dbo:budget ?b .}ORDER BY ?bOFFSET 0 LIMIT 1"
"85","-","Does Breaking Bad have more episodes than Game of Thrones?","-","PREFIX dbo: <http://dbpedia.org/ontology/> PREFIX res: <http://dbpedia.org/resource/> ASK WHERE {         res:Breaking_Bad dbo:numberOfEpisodes ?x .         res:Game_of_Thrones dbo:numberOfEpisodes ?y .         FILTER (?y > ?x) }"
"86","-","Who was called Rodzilla?","-","PREFIX dbp: <http://dbpedia.org/property/> SELECT DISTINCT ?uri WHERE {          ?uri dbp:nickname Rodzilla@en .}"
"87","-","Was Natalie Portman born in the United States?","-","PREFIX dbo: <http://dbpedia.org/ontology/>PREFIX res: <http://dbpedia.org/resource/>ASK WHERE { "
"88","-","Give me the grandchildren of Elvis Presley.","-","SELECT DISTINCT ?uri WHERE { <http://dbpedia.org/resource/Elvis_Presley> <http://dbpedia.org/ontology/child> ?child . ?child <http://dbpedia.org/ontology/child> ?uri . }"
"89","-","Which movies starring Mickey Rourke were directed by Guy Ritchie?","-","SELECT DISTINCT ?uri WHERE { ?uri <http://www.w3.org/1999/02/22-rdf-syntax-ns#type> <http://dbpedia.org/ontology/Film> . ?uri <http://dbpedia.org/ontology/starring> <http://dbpedia.org/resource/Mickey_Rourke> . ?uri <http://dbpedia.org/ontology/director> <http://dbpedia.org/resource/Guy_Ritchie> . } "
"90","-","When did Dracula's creator die?","-","SELECT DISTINCT ?date WHERE {  <http://dbpedia.org/resource/Count_Dracula> <http://dbpedia.org/ontology/creator> ?x .  ?x <http://dbpedia.org/ontology/deathDate> ?date . } "
"91","WORKS","Which country does the creator of Miffy come from?","SELECT ?objOfProp WHERE { ?Arg <http://dbpedia.org/ontology/creator> ?objOfProp .}","PREFIX dbo: <http://dbpedia.org/ontology/>PREFIX res: <http://dbpedia.org/resource/>SELECT DISTINCT ?uri WHERE {"
"92","-","What is Batman's real name?","-","SELECT DISTINCT ?s WHERE { <http://dbpedia.org/resource/Batman> <http://dbpedia.org/property/alterEgo> ?s . }"
"93","WORKS","What form of government does Russia have?","SELECT ?objOfProp WHERE { <http://dbpedia.org/resource/Russia> <http://dbpedia.org/ontology/governmentType> ?objOfProp .}","SELECT DISTINCT ?uri WHERE { <http://dbpedia.org/resource/Russia> <http://dbpedia.org/ontology/governmentType> ?uri . } "
"94","WORKS","How many companies were founded by the founder of Facebook?","SELECT ?objOfProp WHERE { <http://dbpedia.org/resource/Facebook> <http://dbpedia.org/ontology/foundedBy> ?objOfProp .}","SELECT (COUNT(DISTINCT ?uri) as ?c) WHERE {  <http://dbpedia.org/resource/Facebook> <http://dbpedia.org/ontology/foundedBy> ?uri .  ?uri <http://dbpedia.org/ontology/foundedBy> ?uri . } "
"95","-","Give me all Canadian Grunge record labels.","-","PREFIX dbo: <http://dbpedia.org/ontology/>PREFIX res: <http://dbpedia.org/resource/>PREFIX rdf: <http://www.w3.org/1999/02/22-rdf-syntax-ns#>SELECT DISTINCT ?uri WHERE {"
"96","-","How many children did Benjamin Franklin have?","-","SELECT (COUNT(DISTINCT ?uri) as ?c) WHERE {  <http://dbpedia.org/resource/Benjamin_Franklin> <http://dbpedia.org/ontology/child> ?uri . } "
"97","WORKS","List the children of Margaret Thatcher.","SELECT ?objOfProp WHERE { <http://dbpedia.org/resource/Margaret_Thatcher> <http://dbpedia.org/ontology/child> ?objOfProp .}","PREFIX res: <http://dbpedia.org/resource/>PREFIX dbo: <http://dbpedia.org/ontology/>SELECT DISTINCT ?uri WHERE {"
"98","-","From which region is the Melon de Bourgogne?","-","PREFIX res: <http://dbpedia.org/resource/>PREFIX dbo: <http://dbpedia.org/ontology/> SELECT DISTINCT ?uriWHERE {        res:Melon_de_Bourgogne dbo:wineRegion ?uri .}"
"99","-","Who is the oldest child of Meryl Streep?","-","PREFIX dbo: <http://dbpedia.org/ontology/>PREFIX res: <http://dbpedia.org/resource/>SELECT DISTINCT ?uriWHERE {         res:Meryl_Streep dbo:child ?uri .         ?uri dbo:birthDate ?d .}ORDER BY ASC(?d)OFFSET 0 LIMIT 1"
"100","-","Are tree frogs a type of amphibian?","-","PREFIX dbo: <http://dbpedia.org/ontology/> PREFIX res: <http://dbpedia.org/resource/> ASK WHERE {         res:Hylidae dbo:class res:Amphibian . }"
"101","-","Is Christian Bale starring in Velvet Goldmine?","-","PREFIX dbo: <http://dbpedia.org/ontology/>PREFIX res: <http://dbpedia.org/resource/>ASKWHERE {        res:Velvet_Goldmine dbo:starring res:Christian_Bale .}"
"102","WORKS","List all games by GMT.","SELECT ?subjOfProp WHERE { ?subjOfProp <http://dbpedia.org/ontology/publisher> ?Arg .}","PREFIX dbo: <http://dbpedia.org/ontology/>PREFIX res: <http://dbpedia.org/resource/>SELECT DISTINCT ?uri WHERE {"
"103","-","Does the Isar flow into a lake?","-","PREFIX dbo: <http://dbpedia.org/ontology/>PREFIX res: <http://dbpedia.org/resource/>PREFIX rdf: <http://www.w3.org/1999/02/22-rdf-syntax-ns#>ASKWHERE {        ?x dbo:inflow res:Isar .        ?x rdf:type dbo:Lake . }"
"104","WORKS","Which airports does Yeti Airlines serve?","SELECT ?objOfProp WHERE { <http://dbpedia.org/resource/Yeti_Airlines> <http://dbpedia.org/ontology/targetAirport> ?objOfProp .}","SELECT DISTINCT ?uri WHERE {  <http://dbpedia.org/resource/Yeti_Airlines> <http://dbpedia.org/ontology/targetAirport> ?uri . }"
"105","-","Which Indian company has the most employees?","-","SELECT DISTINCT ?uri WHERE { ?uri a <http://dbpedia.org/ontology/Company> . ?uri <http://dbpedia.org/ontology/location> <http://dbpedia.org/resource/India> . ?uri <http://dbpedia.org/ontology/numberOfEmployees> ?n . } ORDER BY DESC(?n) OFFSET 0 LIMIT 1"
"106","WORKS","What color expresses loyalty?","SELECT ?subjOfProp WHERE { ?subjOfProp <http://dbpedia.org/ontology/connotation> <http://dbpedia.org/resource/Loyalty> .}","SELECT DISTINCT ?uri WHERE { ?uri <http://dbpedia.org/ontology/connotation> <http://dbpedia.org/resource/Loyalty> . }"
"107","-","Which city has the most inhabitants?","-","PREFIX dbo: <http://dbpedia.org/ontology/> PREFIX res: <http://dbpedia.org/resource/> PREFIX rdf: <http://www.w3.org/1999/02/22-rdf-syntax-ns#> SELECT DISTINCT ?uriWHERE {          ?uri rdf:type dbo:City .          ?uri dbo:populationTotal ?pop . }ORDER BY DESC(?pop)OFFSET 0 LIMIT 1"
"108","WORKS","Who created Wikipedia?","SELECT ?objOfProp WHERE { <http://dbpedia.org/resource/Wikipedia> <http://dbpedia.org/ontology/author> ?objOfProp .}","PREFIX dbo: <http://dbpedia.org/ontology/>PREFIX res: <http://dbpedia.org/resource/>SELECT DISTINCT ?uriWHERE {"
"109","WORKS","Is Rita Wilson the wife of Tom Hanks?","SELECT ?objOfProp WHERE { <http://dbpedia.org/resource/Tom_Hanks> <http://dbpedia.org/ontology/spouse> ?objOfProp .}","PREFIX dbo: <http://dbpedia.org/ontology/> PREFIX res: <http://dbpedia.org/resource/> ASK WHERE {         res:Tom_Hanks dbo:spouse res:Rita_Wilson . }"
"110","WORKS","Is the wife of president Obama called Michelle?","SELECT ?objOfProp WHERE { ?Arg <http://dbpedia.org/ontology/spouse> ?objOfProp .}","PREFIX dbo: <http://dbpedia.org/ontology/>PREFIX res: <http://dbpedia.org/resource/>PREFIX rdfs: <http://www.w3.org/2000/01/rdf-schema#>ASK WHERE {        res:Barack_Obama dbo:spouse ?spouse .        ?spouse rdfs:label ?name .        FILTER(regex(?name,'Michelle')) }"
"111","WORKS","How many ethnic groups live in Slovenia?","SELECT (COUNT(DISTINCT ?objOfProp) as ?c) WHERE { <http://dbpedia.org/resource/Slovenia> <http://dbpedia.org/ontology/ethnicGroup> ?objOfProp .}","SELECT (COUNT(DISTINCT ?uri) as ?c) WHERE {  <http://dbpedia.org/resource/Slovenia> <http://dbpedia.org/ontology/ethnicGroup> ?uri . } "
"112","WORKS","Who is the president of Eritrea?","SELECT ?objOfProp WHERE { <http://dbpedia.org/resource/Eritrea> <http://dbpedia.org/ontology/leader> ?objOfProp .}","SELECT DISTINCT ?uri WHERE { <http://dbpedia.org/resource/Eritrea> <http://dbpedia.org/ontology/leader> ?uri . <http://dbpedia.org/resource/Eritrea> <http://dbpedia.org/ontology/leaderTitle> 'President'@en . }  "
"113","WORKS","Which films did Stanley Kubrick direct?","SELECT ?subjOfProp WHERE { ?subjOfProp <http://dbpedia.org/ontology/director> <http://dbpedia.org/resource/Stanley_Kubrick> .}","SELECT DISTINCT ?uri WHERE { ?uri <http://dbpedia.org/ontology/director> <http://dbpedia.org/resource/Stanley_Kubrick> . }"
"114","WORKS","When was the Titanic completed?","SELECT ?objOfProp WHERE { ?Arg <http://dbpedia.org/ontology/buildingEndDate> ?objOfProp .}","PREFIX dbo: <http://dbpedia.org/ontology/>PREFIX res: <http://dbpedia.org/resource/>SELECT DISTINCT ?dateWHERE {         res:RMS_Titanic dbo:completionDate ?date . }"
"115","WORKS","How many pages does War and Peace have?","SELECT ?objOfProp WHERE { <http://dbpedia.org/resource/War_and_Peace> <http://dbpedia.org/ontology/numberOfPages> ?objOfProp .}","PREFIX dbo: <http://dbpedia.org/ontology/>PREFIX res: <http://dbpedia.org/resource/>SELECT DISTINCT ?nWHERE {        res:War_and_Peace dbo:numberOfPages ?n .}"
"116","-","Who is the youngest player in the Premier League?","-","PREFIX dbo: <http://dbpedia.org/ontology/> PREFIX res: <http://dbpedia.org/resource/> SELECT DISTINCT ?uri WHERE {         ?uri dbo:team ?x .         ?x dbo:league res:Premier_League .         ?uri dbo:birthDate ?y . } ORDER BY DESC(?y) OFFSET 0 LIMIT 1"
"117","WORKS","What is the highest mountain in Italy?","SELECT DISTINCT ?objOfProp WHERE { ?objOfProp <http://www.w3.org/1999/02/22-rdf-syntax-ns#type> <http://dbpedia.org/ontology/Mountain> . ?objOfProp <http://dbpedia.org/ontology/locatedInArea> <http://dbpedia.org/resource/ITALY> . ?objOfProp <http://dbpedia.org/ontology/elevation> ?num . } ORDER BY DESC(?num) LIMIT 1","PREFIX dbo: <http://dbpedia.org/ontology/>PREFIX res: <http://dbpedia.org/resource/>PREFIX rdf: <http://www.w3.org/1999/02/22-rdf-syntax-ns#>SELECT DISTINCT ?uriWHERE {        ?uri rdf:type dbo:Mountain .        ?uri dbo:locatedInArea res:Italy .        ?uri dbo:elevation ?num .}ORDER BY DESC(?num)OFFSET 0 LIMIT 1"
"118","WORKS","How tall is Claudia Schiffer?","SELECT ?objOfProp WHERE { ?Arg <http://dbpedia.org/ontology/elevation> ?objOfProp .}","PREFIX res: <http://dbpedia.org/resource/>PREFIX dbo: <http://dbpedia.org/ontology/>SELECT DISTINCT ?height WHERE {               res:Claudia_Schiffer dbo:height ?height .      }"
"119","-","Who was John F. Kennedy's vice president?","-","PREFIX dbo: <http://dbpedia.org/ontology/> PREFIX res: <http://dbpedia.org/resource/> SELECT DISTINCT ?uri WHERE { res:John_F._Kennedy dbo:vicePresident ?uri . }"
"120","-","Which subsidiary of Lufthansa serves both Dortmund and Berlin Tegel?","-","PREFIX res: <http://dbpedia.org/resource/>PREFIX dbo: <http://dbpedia.org/ontology/> SELECT DISTINCT ?uri WHERE {        res:Lufthansa dbo:subsidiary ?uri .        ?uri dbo:targetAirport res:Dortmund_Airport .        ?uri dbo:targetAirport res:Berlin_Tegel_Airport .}"
"121","WORKS","Who was the successor of John F. Kennedy?","SELECT ?objOfProp WHERE { ?Arg <http://dbpedia.org/ontology/successor> ?objOfProp .}","PREFIX dbo: <http://dbpedia.org/ontology/>PREFIX res: <http://dbpedia.org/resource/>SELECT DISTINCT ?uri WHERE {"
"122","WORKS","Who composed the soundtrack for Cameron's Titanic?","SELECT ?objOfProp WHERE { ?Arg <http://dbpedia.org/ontology/musicComposer> ?objOfProp .}","SELECT DISTINCT ?uri WHERE { <http://dbpedia.org/resource/Titanic_(1997_film)> <http://dbpedia.org/ontology/musicComposer> ?uri . } "
"123","WORKS","Which movies did Kurosawa direct?","SELECT ?subjOfProp WHERE { ?subjOfProp <http://dbpedia.org/ontology/director> ?Arg .}","PREFIX dbo: <http://dbpedia.org/ontology/>PREFIX res: <http://dbpedia.org/resource/>PREFIX rdf: <http://www.w3.org/1999/02/22-rdf-syntax-ns#>SELECT DISTINCT ?uriWHERE {        ?uri rdf:type dbo:Film .        ?uri dbo:director res:Akira_Kurosawa .}"
"124","-","For which label did Elvis record his first album?","-","PREFIX dbo: <http://dbpedia.org/ontology/>PREFIX res: <http://dbpedia.org/resource/>PREFIX rdf: <http://www.w3.org/1999/02/22-rdf-syntax-ns#>SELECT DISTINCT ?uri WHERE {        ?x rdf:type dbo:Album .        ?x dbo:artist res:Elvis_Presley .        ?x dbo:releaseDate ?y .        ?x dbo:recordLabel ?uri .}ORDER BY ASC(?y) OFFSET 0 LIMIT 1"
"125","-","In which time zone is Rome?","-","SELECT DISTINCT ?uri WHERE { <http://dbpedia.org/resource/Rome> <http://dbpedia.org/ontology/timeZone> ?uri . } "
"126","WORKS","Give me the currency of China.","SELECT ?objOfProp WHERE { <http://dbpedia.org/resource/China> <http://dbpedia.org/ontology/currency> ?objOfProp .}","PREFIX res: <http://dbpedia.org/resource/>PREFIX dbo: <http://dbpedia.org/ontology/> SELECT DISTINCT ?uriWHERE {     res:China dbo:currency ?uri . }"
"127","WORKS","Who are the developers of DBpedia?","SELECT ?objOfProp WHERE { <http://dbpedia.org/resource/DBpedia> <http://dbpedia.org/ontology/developer> ?objOfProp .}","SELECT DISTINCT ?uri WHERE { <http://dbpedia.org/resource/DBpedia> <http://dbpedia.org/ontology/developer> ?uri . }"
"128","-","Does Abraham Lincoln's death place have a website?","-","PREFIX dbo: <http://dbpedia.org/ontology/>PREFIX res: <http://dbpedia.org/resource/>ASK WHERE {        res:Abraham_Lincoln dbo:deathPlace ?p .        ?p dbo:website ?w . }"
"129","WORKS","Who is the king of the Netherlands?","SELECT ?objOfProp WHERE { <http://dbpedia.org/resource/Netherlands> <http://dbpedia.org/ontology/leader> ?objOfProp .}","SELECT DISTINCT ?uri WHERE { <http://dbpedia.org/resource/Netherlands> <http://dbpedia.org/ontology/leader> ?uri . ?uri a <http://dbpedia.org/ontology/Royalty> . } "
"130","WORKS","In which city did Nikos Kazantzakis die?","SELECT ?objOfProp WHERE { <http://dbpedia.org/resource/Nikos_Kazantzakis> <http://dbpedia.org/ontology/deathPlace> ?objOfProp .}","SELECT DISTINCT ?uri WHERE { <http://dbpedia.org/resource/Nikos_Kazantzakis> <http://dbpedia.org/ontology/deathPlace> ?uri . ?uri a <http://dbpedia.org/ontology/Town> . }"
"131","WORKS","Who was the father of Queen Elizabeth II?","SELECT ?objOfProp WHERE { ?Arg <http://dbpedia.org/property/father> ?objOfProp .}","PREFIX res: <http://dbpedia.org/resource/>PREFIX dbp: <http://dbpedia.org/property/>SELECT DISTINCT ?uriWHERE {         res:Elizabeth_II dbp:father ?uri .}"
"132","-","Give me a list of all critically endangered birds.","-","SELECT DISTINCT ?uri ?p WHERE { ?uri a <http://dbpedia.org/ontology/Bird> . { ?uri <http://dbpedia.org/ontology/conservationStatus> 'CR'^^<http://www.w3.org/2001/XMLSchema#string> . } UNION { ?uri <http://purl.org/dc/terms/subject> <http://dbpedia.org/resource/Category:Critically_endangered_animals> . } }"
"133","WORKS","How many inhabitants does the largest city in Canada have?","SELECT ?objOfProp WHERE { ?Arg <http://dbpedia.org/ontology/largestCity> ?objOfProp .}","PREFIX dbo: <http://dbpedia.org/ontology/>PREFIX res: <http://dbpedia.org/resource/>SELECT DISTINCT ?numWHERE {        res:Canada dbo:largestCity ?city .         ?city dbo:populationTotal ?num .}"
"134","WORKS","In which military conflicts did Lawrence of Arabia participate?","SELECT ?objOfProp WHERE { ?Arg <http://dbpedia.org/ontology/battle> ?objOfProp .}","PREFIX dbo: <http://dbpedia.org/ontology/> PREFIX res: <http://dbpedia.org/resource/> SELECT DISTINCT ?uri WHERE {         res:T._E._Lawrence dbo:battle ?uri . }"
"135","-","Which book has the most pages?","-","PREFIX dbo: <http://dbpedia.org/ontology/>PREFIX rdf: <http://www.w3.org/1999/02/22-rdf-syntax-ns#> SELECT DISTINCT ?uriWHERE {         ?uri rdf:type dbo:Book .         ?uri dbo:numberOfPages ?n .}ORDER BY DESC(?n)OFFSET 0 LIMIT 1"
"136","WORKS","In which country does the Nile start?","SELECT ?objOfProp WHERE { <http://dbpedia.org/resource/Nile> <http://dbpedia.org/ontology/sourceCountry> ?objOfProp .}","PREFIX dbo: <http://dbpedia.org/ontology/>PREFIX res: <http://dbpedia.org/resource/>SELECT DISTINCT ?uriWHERE {               res:Nile dbo:sourceCountry ?uri .}"
"137","-","Who is the Formula 1 race driver with the most races?","-","SELECT DISTINCT ?uri WHERE {  ?uri <http://www.w3.org/1999/02/22-rdf-syntax-ns#type> <http://dbpedia.org/ontology/FormulaOneRacer> .  ?uri <http://dbpedia.org/ontology/races> ?x . } ORDER BY DESC(?x) OFFSET 0 LIMIT 1 "
"138","WORKS","Which companies produce hovercrafts?","SELECT ?subjOfProp WHERE { ?subjOfProp <http://dbpedia.org/ontology/product> ?Arg .}","SELECT DISTINCT ?uri WHERE { ?uri a <http://dbpedia.org/ontology/Company> . ?uri <http://dbpedia.org/ontology/product> <http://dbpedia.org/resource/Hovercraft> . }"
"139","-","Did Elvis Presley have children?","-","ASK WHERE { <http://dbpedia.org/resource/Elvis_Presley> <http://dbpedia.org/ontology/child> ?uri . } "
"140","WORKS","In which city was the president of Montenegro born?","SELECT ?objOfProp WHERE { ?Arg <http://dbpedia.org/ontology/leader> ?objOfProp .}","SELECT DISTINCT ?uri WHERE { ?x <http://dbpedia.org/property/office> <http://dbpedia.org/resource/President_of_Montenegro> . ?x <http://dbpedia.org/ontology/birthPlace> ?uri . ?uri a <http://dbpedia.org/ontology/City> . } "
"141","WORKS","Which country was Bill Gates born in?","SELECT ?objOfProp WHERE { <http://dbpedia.org/resource/Bill_Gates> <http://dbpedia.org/ontology/birthPlace> ?objOfProp .}","SELECT DISTINCT ?uri WHERE { <http://dbpedia.org/resource/Bill_Gates> <http://dbpedia.org/ontology/birthPlace> ?x . ?x <http://dbpedia.org/ontology/country> ?uri . }"
"142","-","In which countries do people speak Japanese?","-","SELECT DISTINCT ?uri WHERE { ?uri a <http://dbpedia.org/ontology/Country> . ?uri <http://dbpedia.org/ontology/language> <http://dbpedia.org/resource/Japanese_language> . } "
"143","WORKS","Show me the book that Muhammad Ali wrote.","SELECT ?subjOfProp WHERE { ?subjOfProp <http://dbpedia.org/ontology/author> <http://dbpedia.org/resource/Muhammad_Ali> .}","PREFIX dbo: <http://dbpedia.org/ontology/> PREFIX res: <http://dbpedia.org/resource/> PREFIX rdf: <http://www.w3.org/1999/02/22-rdf-syntax-ns#> SELECT DISTINCT ?uri WHERE {          ?uri rdf:type dbo:Book .          ?uri dbo:author res:Muhammad_Ali . }"
"144","WORKS","Is Michelle Obama the wife of Barack Obama?","SELECT ?objOfProp WHERE { <http://dbpedia.org/resource/Barack_Obama> <http://dbpedia.org/ontology/spouse> ?objOfProp .}","PREFIX dbo: <http://dbpedia.org/ontology/>PREFIX res: <http://dbpedia.org/resource/>ASK WHERE {"
"145","WORKS","What is the area code of Berlin?","SELECT ?objOfProp WHERE { <http://dbpedia.org/resource/Berlin_(Seedorf)> <http://dbpedia.org/ontology/areaCode> ?objOfProp .}","PREFIX dbo: <http://dbpedia.org/ontology/>PREFIX res: <http://dbpedia.org/resource/>SELECT DISTINCT ?string WHERE {"
"146","WORKS","Give me all actors starring in Last Action Hero.","SELECT ?objOfProp WHERE { <http://dbpedia.org/resource/Last_Action_Hero> <http://dbpedia.org/ontology/starring> ?objOfProp .}","PREFIX dbo: <http://dbpedia.org/ontology/>PREFIX res: <http://dbpedia.org/resource/>SELECT DISTINCT ?uriWHERE {        res:Last_Action_Hero dbo:starring ?uri . }"
"147","WORKS","What are the nicknames of San Francisco?","SELECT ?objOfProp WHERE { <http://dbpedia.org/resource/San_Francisco> <http://dbpedia.org/property/nickname> ?objOfProp .}","SELECT DISTINCT ?string WHERE {  <http://dbpedia.org/resource/San_Francisco> <http://dbpedia.org/property/nickname> ?string . } "
"148","-","What was the first Queen album?","-","SELECT DISTINCT ?uri WHERE { ?uri a <http://dbpedia.org/ontology/Album> . ?uri <http://dbpedia.org/ontology/artist> <http://dbpedia.org/resource/Queen_(band)> . ?uri <http://dbpedia.org/ontology/releaseDate> ?d . } ORDER BY ASC(?d) OFFSET 0 LIMIT 1"
"149","WORKS","Through which countries does the Yenisei river flow?","SELECT ?objOfProp WHERE { <http://dbpedia.org/resource/Yenisei_River> <http://dbpedia.org/property/country> ?objOfProp .}","PREFIX res: <http://dbpedia.org/resource/>PREFIX dbp: <http://dbpedia.org/property/>SELECT DISTINCT ?uri WHERE {        res:Yenisei_River dbp:country ?uri .}"
"150","WORKS","Which television shows were created by Walt Disney?","SELECT ?subjOfProp WHERE { ?subjOfProp <http://dbpedia.org/ontology/creator> <http://dbpedia.org/resource/Walt_Disney> .}","PREFIX dbo: <http://dbpedia.org/ontology/>PREFIX res: <http://dbpedia.org/resource/>PREFIX rdf: <http://www.w3.org/1999/02/22-rdf-syntax-ns#>SELECT DISTINCT ?uriWHERE {"
"151","-","What is the bridge with the longest span?","-","PREFIX dbo: <http://dbpedia.org/ontology/>PREFIX res: <http://dbpedia.org/resource/>PREFIX rdf: <http://www.w3.org/1999/02/22-rdf-syntax-ns#>SELECT DISTINCT ?uri WHERE {        ?uri rdf:type dbo:Bridge .        ?uri dbo:mainspan ?s . } ORDER BY DESC(?s) OFFSET 0 LIMIT 1"
"152","-","What country is Sitecore from?","-","SELECT DISTINCT ?uri WHERE { <http://dbpedia.org/resource/Sitecore> <http://dbpedia.org/ontology/foundationPlace> ?uri . }"
"153","-","Whom did Lance Bass marry?","-","SELECT DISTINCT ?uri WHERE { ?uri <http://dbpedia.org/ontology/spouse> <http://dbpedia.org/resource/Lance_Bass> . } "
"154","WORKS","What is the capital of Canada?","SELECT ?objOfProp WHERE { <http://dbpedia.org/resource/Canada_(New_France)> <http://dbpedia.org/ontology/capital> ?objOfProp .}","PREFIX dbo:  <http://dbpedia.org/ontology/>PREFIX res:  <http://dbpedia.org/resource/>SELECT DISTINCT ?uri WHERE {        res:Canada dbo:capital ?uri .}"
"155","WORKS","Who was Vincent van Gogh inspired by?","SELECT ?subjOfProp WHERE { ?subjOfProp <http://dbpedia.org/ontology/influenced> <http://dbpedia.org/resource/Vincent_van_Gogh> .}","SELECT DISTINCT ?uri WHERE { ?uri <http://dbpedia.org/ontology/influenced> <http://dbpedia.org/resource/Vincent_van_Gogh> . }"
"156","-","In which city did John F. Kennedy die?","-","PREFIX dbo: <http://dbpedia.org/ontology/>PREFIX res: <http://dbpedia.org/resource/>PREFIX rdf: <http://www.w3.org/1999/02/22-rdf-syntax-ns#>SELECT DISTINCT ?uriWHERE {         res:John_F._Kennedy dbo:deathPlace ?uri .        ?uri rdf:type dbo:City .}"
"157","-","Was U.S. president Jackson involved in a war?","-","PREFIX dbo: <http://dbpedia.org/ontology/>PREFIX res: <http://dbpedia.org/resource/>ASK WHERE {"
"158","WORKS","Who wrote the Game of Thrones theme?","SELECT ?objOfProp WHERE { ?Arg <http://dbpedia.org/ontology/composer> ?objOfProp .}","SELECT DISTINCT ?uri WHERE { <http://dbpedia.org/resource/Game_of_Thrones> <http://dbpedia.org/ontology/composer> ?uri. }"
"159","WORKS","Who designed the Brooklyn Bridge?","SELECT ?objOfProp WHERE { <http://dbpedia.org/resource/Brooklyn_Bridge> <http://dbpedia.org/ontology/architect> ?objOfProp .}","PREFIX res: <http://dbpedia.org/resource/>PREFIX dbo: <http://dbpedia.org/ontology/>SELECT DISTINCT ?uri WHERE {        res:Brooklyn_Bridge dbo:architect ?uri .}"
"160","WORKS","When did Boris Becker end his active career?","SELECT ?objOfProp WHERE { <http://dbpedia.org/resource/Boris_Becker> <http://dbpedia.org/ontology/activeYearsEndDate> ?objOfProp .}","SELECT DISTINCT ?d WHERE { <http://dbpedia.org/resource/Boris_Becker> <http://dbpedia.org/ontology/activeYearsEndDate> ?d . } "
"161","WORKS","Which types of grapes grow in Oregon?","SELECT ?objOfProp WHERE { ?Arg <http://dbpedia.org/ontology/growingGrape> ?objOfProp .}","SELECT DISTINCT ?uri WHERE { <http://dbpedia.org/resource/Oregon_wine> <http://dbpedia.org/ontology/growingGrape> ?uri . } "
"162","WORKS","How tall is Michael Jordan?","SELECT ?objOfProp WHERE { ?Arg <http://dbpedia.org/ontology/elevation> ?objOfProp .}","PREFIX dbo: <http://dbpedia.org/ontology/>PREFIX res: <http://dbpedia.org/resource/>SELECT DISTINCT ?num WHERE {        res:Michael_Jordan dbo:height ?num .}"
"163","WORKS","To which party does the mayor of Paris belong?","SELECT ?objOfProp WHERE { ?Arg <http://dbpedia.org/ontology/leaderName> ?objOfProp .}","SELECT DISTINCT ?uri WHERE { <http://dbpedia.org/resource/Paris> <http://dbpedia.org/ontology/mayor> ?x . ?x <http://dbpedia.org/ontology/party> ?uri . }"
"164","WORKS","Who wrote the book The Pillars of the Earth?","SELECT ?objOfProp WHERE { ?Arg <http://dbpedia.org/ontology/composer> ?objOfProp .}","PREFIX dbo: <http://dbpedia.org/ontology/>PREFIX res: <http://dbpedia.org/resource/>SELECT DISTINCT ?uri WHERE {        res:The_Pillars_of_the_Earth dbo:author ?uri .}"
"165","-","Who was the 16th president of the United States?","-","PREFIX dbo: <http://dbpedia.org/ontology/>PREFIX rdf: <http://www.w3.org/1999/02/22-rdf-syntax-ns#>SELECT DISTINCT ?uriWHERE {         ?uri dbo:office 'President of the United States' .         ?uri dbo:orderInOffice '16th' .}"
"166","WORKS","How high is the Mount Everest?","SELECT ?objOfProp WHERE { <http://dbpedia.org/resource/Mount_Everest> <http://dbpedia.org/ontology/elevation> ?objOfProp .}","PREFIX dbo: <http://dbpedia.org/ontology/>PREFIX res: <http://dbpedia.org/resource/>SELECT DISTINCT ?num WHERE {"
"167","WORKS","Who was the doctoral supervisor of Albert Einstein?","SELECT ?objOfProp WHERE { <http://dbpedia.org/resource/Albert_Einstein> <http://dbpedia.org/ontology/doctoralAdvisor> ?objOfProp .}","SELECT DISTINCT ?uri WHERE { <http://dbpedia.org/resource/Albert_Einstein> <http://dbpedia.org/ontology/doctoralAdvisor> ?uri . }"
"168","WORKS","In which city does Sylvester Stallone live?","SELECT ?objOfProp WHERE { <http://dbpedia.org/resource/Sylvester_Stallone> <http://dbpedia.org/ontology/residence> ?objOfProp .}","SELECT DISTINCT ?uri WHERE { ?uri a <http://dbpedia.org/ontology/City> . <http://dbpedia.org/resource/Sylvester_Stallone> <http://dbpedia.org/ontology/residence> ?uri . }"
"169","WORKS","What is the currency of the Czech Republic?","SELECT ?objOfProp WHERE { ?Arg <http://dbpedia.org/ontology/currency> ?objOfProp .}","PREFIX dbo: <http://dbpedia.org/ontology/>PREFIX res: <http://dbpedia.org/resource/>SELECT DISTINCT ?uriWHERE {"
"170","-","Did Socrates influence Aristotle?","-","PREFIX dbo: <http://dbpedia.org/ontology/>PREFIX res: <http://dbpedia.org/resource/>ASK WHERE {"
"171","WORKS","What is the time zone of Salt Lake City?","SELECT ?objOfProp WHERE { <http://dbpedia.org/resource/Salt_Lake_City> <http://dbpedia.org/ontology/timeZone> ?objOfProp .}","PREFIX res: <http://dbpedia.org/resource/>PREFIX dbp: <http://dbpedia.org/property/>SELECT DISTINCT ?uri WHERE {"
"172","WORKS","Who is the son of Sonny and Cher?","SELECT ?objOfProp WHERE { ?Arg <http://dbpedia.org/ontology/child> ?objOfProp .}","SELECT DISTINCT ?uri WHERE { ?uri <http://dbpedia.org/ontology/parent> <http://dbpedia.org/resource/Cher> . ?uri <http://dbpedia.org/ontology/parent> <http://dbpedia.org/resource/Sonny_Bono> . }"
"173","WORKS","In which city are the headquarters of the United Nations?","SELECT ?objOfProp WHERE { ?Arg <http://dbpedia.org/ontology/location> ?objOfProp .}","SELECT DISTINCT ?uri WHERE { <http://dbpedia.org/resource/Headquarters_of_the_United_Nations> <http://dbpedia.org/ontology/location> ?uri . ?uri a <http://dbpedia.org/ontology/City> . } "
"174","WORKS","Who is the founder of Penguin Books?","SELECT ?objOfProp WHERE { ?Arg <http://dbpedia.org/ontology/foundedBy> ?objOfProp .}","PREFIX dbo: <http://dbpedia.org/ontology/>PREFIX res: <http://dbpedia.org/resource/>PREFIX rdf: <http://www.w3.org/1999/02/22-rdf-syntax-ns#> SELECT DISTINCT ?uriWHERE {         res:Penguin_Books dbo:founder ?uri .}"
"175","WORKS","When was Jack Wolfskin founded?","SELECT ?objOfProp WHERE { ?Arg <http://dbpedia.org/ontology/formationDate> ?objOfProp .}","SELECT DISTINCT ?year WHERE {  <http://dbpedia.org/resource/Jack_Wolfskin> <http://dbpedia.org/ontology/foundingYear> ?year . } "
"176","WORKS","Who is the mayor of Rotterdam?","SELECT ?objOfProp WHERE { <http://dbpedia.org/resource/Rotterdam> <http://dbpedia.org/ontology/leaderName> ?objOfProp .}","PREFIX dbo: <http://dbpedia.org/ontology/>PREFIX res: <http://dbpedia.org/resource/>SELECT DISTINCT ?uriWHERE {        res:Rotterdam dbo:leaderName ?uri .}"
"177","-","Give me all Swedish oceanographers.","-","PREFIX dbo: <http://dbpedia.org/ontology/>PREFIX res: <http://dbpedia.org/resource/>SELECT DISTINCT ?uriWHERE {        ?uri dbo:field res:Oceanography .         ?uri dbo:birthPlace res:Sweden .        }"
"178","-","Show me Hemingway's autobiography.","-","SELECT DISTINCT ?uri WHERE { ?uri <http://dbpedia.org/ontology/author> <http://dbpedia.org/resource/Ernest_Hemingway> . ?uri <http://dbpedia.org/ontology/literaryGenre> <http://dbpedia.org/resource/Autobiography> . }"
"179","WORKS","Who are the parents of the wife of Juan Carlos I?","SELECT ?objOfProp WHERE { <http://dbpedia.org/resource/107th_New_York_State_Legislature> <http://dbpedia.org/ontology/parent> ?objOfProp .}","PREFIX dbo: <http://dbpedia.org/ontology/> PREFIX res: <http://dbpedia.org/resource/> SELECT DISTINCT ?uri WHERE {         res:Juan_Carlos_I_of_Spain dbo:spouse ?x .         ?x dbo:parent ?uri . }"
"180","-","Did Tesla win a nobel prize in physics?","-","PREFIX dbo: <http://dbpedia.org/ontology/>PREFIX res: <http://dbpedia.org/resource/>ASK WHERE {        res:Nikola_Tesla dbo:award res:Nobel_Prize_in_Physics .}"
"181","-","Who is the tallest basketball player?","-","SELECT DISTINCT ?uri WHERE {  ?uri <http://www.w3.org/1999/02/22-rdf-syntax-ns#type> <http://dbpedia.org/ontology/BasketballPlayer> .  ?uri <http://dbpedia.org/ontology/height> ?num . } ORDER BY DESC(?num) OFFSET 0 LIMIT 1 "
"182","-","Which city has the least inhabitants?","-","SELECT DISTINCT ?uri WHERE {  ?uri <http://www.w3.org/1999/02/22-rdf-syntax-ns#type> <http://dbpedia.org/ontology/City> .  ?uri <http://dbpedia.org/ontology/populationTotal> ?pop . } ORDER BY ASC(?pop) OFFSET 0 LIMIT 1 "
"183","-","Is proinsulin a protein?","-","PREFIX dbo: <http://dbpedia.org/ontology/>PREFIX res: <http://dbpedia.org/resource/>PREFIX rdf: <http://www.w3.org/1999/02/22-rdf-syntax-ns#>ASK WHERE {"
"184","WORKS","Who were the parents of Queen Victoria?","SELECT ?objOfProp WHERE { <http://dbpedia.org/resource/Queen_Victoria> <http://dbpedia.org/ontology/parent> ?objOfProp .}","PREFIX dbo: <http://dbpedia.org/ontology/>PREFIX res: <http://dbpedia.org/resource/>SELECT DISTINCT ?uriWHERE {         res:Queen_Victoria dbo:parent ?uri .}"
"185","-","Did Che Guevara have children?","-","PREFIX dbo: <http://dbpedia.org/ontology/>PREFIX res: <http://dbpedia.org/resource/>ASKWHERE {         res:Che_Guevara dbo:child ?uri . }"
"186","-","Is Lake Baikal bigger than the Great Bear Lake?","-","PREFIX res: <http://dbpedia.org/resource/>PREFIX dbo: <http://dbpedia.org/ontology/> ASKWHERE {          res:Lake_Baikal dbo:areaTotal ?a1 .         res:Great_Bear_Lake dbo:areaTotal ?a2 .        FILTER (?a1 > ?a2)}"
"187","-","Did Kaurismki ever win the Grand Prix at Cannes?","-","ASK WHERE { <http://dbpedia.org/resource/Aki_Kaurismki> <http://dbpedia.org/ontology/award> <http://dbpedia.org/resource/Grand_Prix_(Cannes_Film_Festival)> . }"
"188","WORKS","Give me all books by William Goldman with more than 300 pages.","SELECT ?subjOfProp WHERE { ?subjOfProp <http://dbpedia.org/ontology/author> ?Arg .}","PREFIX dbo: <http://dbpedia.org/ontology/>PREFIX res: <http://dbpedia.org/resource/>PREFIX rdf: <http://www.w3.org/1999/02/22-rdf-syntax-ns#>SELECT DISTINCT ?uri WHERE {        ?uri rdf:type dbo:Book .        ?uri dbo:author res:William_Goldman .        ?uri dbo:numberOfPages ?x .        FILTER (?x > 300)}"
"189","WORKS","Where is Fort Knox located?","SELECT ?objOfProp WHERE { ?Arg <http://dbpedia.org/ontology/city> ?objOfProp .}","SELECT DISTINCT ?uri WHERE {  <http://dbpedia.org/resource/Fort_Knox> <http://dbpedia.org/property/location> ?uri . }"
"190","-","In which U.S. state is Fort Knox located?","-","PREFIX dbo: <http://dbpedia.org/ontology/>PREFIX dbp: <http://dbpedia.org/property/>PREFIX res: <http://dbpedia.org/resource/>SELECT DISTINCT ?uriWHERE {"
"191","WORKS","Where is Syngman Rhee buried?","SELECT ?objOfProp WHERE { <http://dbpedia.org/resource/Syngman_Rhee> <http://dbpedia.org/ontology/restingPlace> ?objOfProp .}","SELECT DISTINCT ?uri WHERE { <http://dbpedia.org/resource/Syngman_Rhee> <http://dbpedia.org/ontology/restingPlace> ?uri . } "
"192","-","What is the timezone in San Pedro de Atacama?","-","SELECT DISTINCT ?uri WHERE {  <http://dbpedia.org/resource/San_Pedro_de_Atacama> <http://dbpedia.org/ontology/timeZone> ?uri . } "
"193","-","To which artistic movement did the painter of The Three Dancers belong?","-","SELECT DISTINCT ?uri WHERE {  <http://dbpedia.org/resource/The_Three_Dancers> <http://dbpedia.org/ontology/author> ?person .  ?person <http://dbpedia.org/ontology/movement> ?uri . } "
"194","WORKS","Which scientist is known for the Manhattan Project and the Nobel Peace Prize?","SELECT ?subjOfProp WHERE { ?subjOfProp <http://dbpedia.org/ontology/knownFor> ?Arg .}","PREFIX res: <http://dbpedia.org/resource/>PREFIX dbo: <http://dbpedia.org/ontology/> PREFIX rdf: <http://www.w3.org/1999/02/22-rdf-syntax-ns#>SELECT DISTINCT ?uriWHERE {        ?uri dbo:knownFor res:Manhattan_Project .        ?uri rdf:type dbo:Scientist .        ?uri dbo:knownFor res:Nobel_Peace_Prize .}"
"195","WORKS","Show me all books in Asimov's Foundation series.","SELECT ?subjOfProp WHERE { ?subjOfProp <http://dbpedia.org/ontology/series> ?Arg .}","SELECT DISTINCT ?uri WHERE { ?uri <http://dbpedia.org/ontology/series> <http://dbpedia.org/resource/Foundation_series> . } "
"196","WORKS","Give me all cities in New Jersey with more than 100000 inhabitants.","SELECT ?objOfProp WHERE { ?Arg <http://dbpedia.org/ontology/isPartOf> ?objOfProp .}","PREFIX dbo: <http://dbpedia.org/ontology/>PREFIX dbp: <http://dbpedia.org/property/>PREFIX res: <http://dbpedia.org/resource/>PREFIX rdf: <http://www.w3.org/1999/02/22-rdf-syntax-ns#>SELECT DISTINCT ?uri WHERE {"
"197","-","Which museum in New York has the most visitors?","-","SELECT DISTINCT ?uri WHERE {  ?uri <http://www.w3.org/1999/02/22-rdf-syntax-ns#type> <http://dbpedia.org/ontology/Museum> .  ?uri <http://dbpedia.org/ontology/location> <http://dbpedia.org/resource/New_York_City> .  ?uri <http://dbpedia.org/ontology/numberOfVisitors> ?num . } ORDER BY DESC(?num) OFFSET 0 LIMIT 1 "
"198","WORKS","How high is the Yokohama Marine Tower?","SELECT ?objOfProp WHERE { ?Arg <http://dbpedia.org/ontology/elevation> ?objOfProp .}","PREFIX dbo: <http://dbpedia.org/ontology/>PREFIX res: <http://dbpedia.org/resource/>SELECT DISTINCT ?numWHERE {        res:Yokohama_Marine_Tower dbo:height ?num .}"
"199","-","Does the new Battlestar Galactica series have more episodes than the old one?","-","PREFIX dbo: <http://dbpedia.org/ontology/>PREFIX res: <http://dbpedia.org/resource/>ASK WHERE {"
"200","-","Who is the youngest Darts player?","-","PREFIX dbo: <http://dbpedia.org/ontology/>PREFIX rdf: <http://www.w3.org/1999/02/22-rdf-syntax-ns#>SELECT DISTINCT ?uriWHERE {        ?uri rdf:type dbo:DartsPlayer .        ?uri dbo:birthDate ?date .}ORDER BY DESC(?date)OFFSET 0 LIMIT 1"
"201","WORKS","Who developed the video game World of Warcraft?","SELECT ?objOfProp WHERE { ?Arg <http://dbpedia.org/ontology/developer> ?objOfProp .}","PREFIX dbo: <http://dbpedia.org/ontology/>PREFIX res: <http://dbpedia.org/resource/>SELECT DISTINCT ?uri WHERE {"
"202","WORKS","Who was the pope that founded the Vatican Television?","SELECT ?objOfProp WHERE { ?Arg <http://dbpedia.org/ontology/foundedBy> ?objOfProp .}","PREFIX dbo: <http://dbpedia.org/ontology/> PREFIX res: <http://dbpedia.org/resource/> PREFIX rdf: <http://www.w3.org/1999/02/22-rdf-syntax-ns#> SELECT ?uri WHERE {          ?uri rdf:type dbo:Pope .          res:Vatican_Television_Center dbo:foundedBy ?uri .}"
"203","WORKS","Who composed the music for Harold and Maude?","SELECT ?objOfProp WHERE { ?Arg <http://dbpedia.org/ontology/musicComposer> ?objOfProp .}","PREFIX res: <http://dbpedia.org/resource/>PREFIX dbo: <http://dbpedia.org/ontology/>SELECT DISTINCT ?uri WHERE {"
"204","WORKS","Give me all members of Prodigy.","SELECT ?objOfProp WHERE { ?Arg <http://dbpedia.org/ontology/bandMember> ?objOfProp .}","SELECT DISTINCT ?uri WHERE {  <http://dbpedia.org/resource/The_Prodigy> <http://dbpedia.org/ontology/bandMember> ?uri . } "
"205","-","Who is starring in Spanish movies produced by Benicio del Toro?","-","SELECT DISTINCT ?uri WHERE { ?film <http://www.w3.org/1999/02/22-rdf-syntax-ns#type> <http://dbpedia.org/ontology/Film> . ?film <http://dbpedia.org/ontology/country> <http://dbpedia.org/resource/Spain> . ?film <http://dbpedia.org/ontology/producer> <http://dbpedia.org/resource/Benicio_del_Toro> . ?film <http://dbpedia.org/ontology/starring> ?uri . ?uri <http://www.w3.org/1999/02/22-rdf-syntax-ns#type> <http://dbpedia.org/ontology/Person> . } "
"206","-","Which subsidiary of TUI Travel serves both Glasgow and Dublin?","-","SELECT DISTINCT ?uri WHERE { <http://dbpedia.org/resource/TUI_Travel> <http://dbpedia.org/ontology/subsidiary> ?uri .  ?uri <http://dbpedia.org/ontology/targetAirport> <http://dbpedia.org/resource/Glasgow_Airport> . ?uri <http://dbpedia.org/ontology/targetAirport> <http://dbpedia.org/resource/Dublin_Airport> . } "
"207","WORKS","In which country is Mecca located?","SELECT ?objOfProp WHERE { <http://dbpedia.org/resource/Mecca> <http://dbpedia.org/ontology/country> ?objOfProp .}","PREFIX res: <http://dbpedia.org/resource/>PREFIX dbo: <http://dbpedia.org/ontology/> SELECT DISTINCT ?uri WHERE {          res:Mecca dbo:country ?uri .}"
"208","WORKS","How many languages are spoken in Colombia?","SELECT (COUNT(DISTINCT ?objOfProp) as ?c) WHERE { <http://dbpedia.org/resource/Colombia> <http://dbpedia.org/ontology/language> ?objOfProp .}","SELECT (COUNT(DISTINCT ?uri) as ?c) WHERE {  ?uri <http://www.w3.org/1999/02/22-rdf-syntax-ns#type> <http://dbpedia.org/ontology/Language> .  <http://dbpedia.org/resource/Colombia> <http://dbpedia.org/ontology/language> ?uri . } "
"209","WORKS","What is the biggest stadium in Spain?","SELECT DISTINCT ?objOfProp WHERE { ?objOfProp <http://www.w3.org/1999/02/22-rdf-syntax-ns#type> <http://dbpedia.org/ontology/Stadium> . ?objOfProp <http://dbpedia.org/ontology/location> <http://dbpedia.org/resource/Spain> . ?objOfProp <http://dbpedia.org/ontology/seatingCapacity> ?num . } ORDER BY DESC(?num) LIMIT 1","SELECT DISTINCT ?uri WHERE { ?uri a <http://dbpedia.org/ontology/Stadium> . ?uri <http://dbpedia.org/ontology/location> <http://dbpedia.org/resource/Spain> . ?uri <http://dbpedia.org/ontology/seatingCapacity> ?n . } ORDER BY DESC(?n) OFFSET 0 LIMIT 1"
"210","-","Which professional surfers were born on the Philippines?","-","PREFIX dbo: <http://dbpedia.org/ontology/>PREFIX res: <http://dbpedia.org/resource/>SELECT DISTINCT ?uriWHERE {"
"211","-","What are the five boroughs of New York?","-","SELECT DISTINCT ?uri WHERE { ?uri <http://dbpedia.org/ontology/governmentType> <http://dbpedia.org/resource/Borough_(New_York_City)> . }"
"212","-","Is Cola a beverage?","-","PREFIX dbo: <http://dbpedia.org/ontology/>PREFIX res: <http://dbpedia.org/resource/>PREFIX rdf: <http://www.w3.org/1999/02/22-rdf-syntax-ns#>ASK WHERE {        res:Cola rdf:type dbo:Beverage .}"
"213","WORKS","When did princess Diana die?","SELECT ?objOfProp WHERE { ?Arg <http://dbpedia.org/ontology/deathDate> ?objOfProp .}","SELECT DISTINCT ?d WHERE { <http://dbpedia.org/resource/Diana,_Princess_of_Wales> <http://dbpedia.org/ontology/deathDate> ?d . }"
"214","-","Where in France is sparkling wine produced?","-","PREFIX res: <http://dbpedia.org/resource/>PREFIX dbo: <http://dbpedia.org/ontology/> SELECT DISTINCT ?uriWHERE {        ?uri dbo:wineProduced res:Sparkling_wine .        ?uri dbo:location res:France .}"
