"1","-","Give me all cosmonauts.","-"," PREFIX rdf: <http://www.w3.org/1999/02/22-rdf-syntax-ns#> PREFIX dbo: <http://dbpedia.org/ontology/> PREFIX res: <http://dbpedia.org/resource/> SELECT DISTINCT ?uri WHERE { ?uri rdf:type dbo:Astronaut . { ?uri dbo:nationality res:Russia . } UNION { ?uri dbo:nationality res:Soviet_Union . } } "
"10","WORKS","In which country does the Ganges start?","SELECT ?objOfProp WHERE { <http://dbpedia.org/resource/Ganges> <http://dbpedia.org/ontology/sourceCountry> ?objOfProp .}"," PREFIX dbo: <http://dbpedia.org/ontology/> PREFIX res: <http://dbpedia.org/resource/> SELECT DISTINCT ?uri WHERE { res:Ganges dbo:sourceCountry ?uri .} "
"100","-","When is the movie Worst Case Scenario going to be in cinemas in the Netherlands?","-","OUT OF SCOPE"
"101","-","Which German cities have more than 250000 inhabitants?","-"," PREFIX dbo: <http://dbpedia.org/ontology/> PREFIX res: <http://dbpedia.org/resource/> PREFIX rdf: <http://www.w3.org/1999/02/22-rdf-syntax-ns#> SELECT DISTINCT ?uri WHERE { { ?uri rdf:type dbo:City . } UNION { ?uri rdf:type dbo:Town . } ?uri dbo:country res:Germany . ?uri dbo:populationTotal ?population . FILTER ( ?population > 250 ) } "
"102","-","Who was John F. Kennedy's vice president?","-"," PREFIX dbo: <http://dbpedia.org/ontology/> PREFIX res: <http://dbpedia.org/resource/> SELECT DISTINCT ?uri WHERE { res:John_F._Kennedy dbo:vicePresident ?uri . } "
"103","WORKS","Who is the mayor of Berlin?","SELECT ?objOfProp WHERE { ?Arg <http://dbpedia.org/ontology/leaderName> ?objOfProp .}"," PREFIX dbo: <http://dbpedia.org/ontology/> PREFIX res: <http://dbpedia.org/resource/> SELECT DISTINCT ?uri WHERE { res:Berlin dbo:leader ?uri . } "
"104","-","How many students does the Free University in Amsterdam have?","-"," PREFIX dbo: <http://dbpedia.org/ontology/> PREFIX res: <http://dbpedia.org/resource/> SELECT DISTINCT ?num WHERE { res:VU_University_Amsterdam dbo:numberOfStudents ?num . } "
"105","-","What is the second highest mountain on Earth?","-"," PREFIX dbo: <http://dbpedia.org/ontology/> PREFIX rdf: <http://www.w3.org/1999/02/22-rdf-syntax-ns#> SELECT DISTINCT ?uri WHERE { ?uri rdf:type dbo:Mountain . ?uri dbo:elevation ?elevation . } ORDER BY DESC(?elevation) OFSET 1 LIMIT 1 "
"106","-","Give me all professional skateboarders from Sweden.","-"," PREFIX dbo: <http://dbpedia.org/ontology/> PREFIX res: <http://dbpedia.org/resource/> SELECT DISTINCT ?uri WHERE { ?uri dbo:occupation res:Skateboarding . { ?uri dbo:birthPlace res:Sweden . } UNION { ?uri dbo:birthPlace ?place . ?place dbo:country res:Sweden . } } "
"107","-","When was Alberta admitted as province?","-"," PREFIX dbp: <http://dbpedia.org/property/> PREFIX res: <http://dbpedia.org/resource/> SELECT DISTINCT ?date WHERE { res:Alberta dbp:admitancedate ?date . } "
"108","-","To which countries does the Himalayan mountain system extend?","-"," PREFIX dbp: <http://dbpedia.org/property/> PREFIX res: <http://dbpedia.org/resource/> SELECT DISTINCT ?uri WHERE { res:Himalayas dbp:country ?uri . } "
"109","-","Give me a list of all bandleaders that play trumpet.","-"," PREFIX dbo: <http://dbpedia.org/ontology/> PREFIX res: <http://dbpedia.org/resource/> SELECT DISTINCT ?uri WHERE { ?uri dbo:occupation res:Bandleader . ?uri dbo:instrument res:Trumpet . } "
"11","-","Which countries have more than ten caves?","-"," PREFIX dbo: <http://dbpedia.org/ontology/> PREFIX rdf: <http://www.w3.org/1999/02/22-rdf-syntax-ns#> SELECT DISTINCT ?uri WHERE { ?uri rdf:type dbo:Country . ?cave rdf:type dbo:Cave . { ?cave dbo:location ?uri . } UNION { ?cave dbo:location ?loc . ?loc dbo:country ?uri . } } GROUP BY ?uri HAVING(COUNT(?cave) > 10) "
"110","-","What is the total amount of men and women serving in the FDNY?","-"," PREFIX dbp: <http://dbpedia.org/property/> PREFIX res: <http://dbpedia.org/resource/> SELECT DISTINCT ?num WHERE { res:New_York_City_Fire_Department dbp:employes ?num . } "
"200","WORKS","Who produces Orangina?","SELECT ?objOfProp WHERE { ?Arg <http://dbpedia.org/ontology/executiveProducer> ?objOfProp .}"," PREFIX dbo: <http://dbpedia.org/ontology/> PREFIX res: <http://dbpedia.org/resource/> SELECT DISTINCT ?uri WHERE { ?uri dbo:product res:Orangina . }"
"111","-","Who is the Formula 1 race driver with the most races?","-"," PREFIX dbo: <http://dbpedia.org/ontology/> PREFIX res: <http://dbpedia.org/resource/> PREFIX rdf: <http://www.w3.org/1999/02/22-rdf-syntax-ns#> SELECT DISTINCT ?uri WHERE { ?uri rdf:type dbo:FormulaOneRacer . ?uri dbo:races ?x . } ORDER BY DESC(?x) OFSET 0 LIMIT 1 "
"112","-","Give me all world heritage sites designated within the past two years.","-"," PREFIX dbo: <http://dbpedia.org/ontology/> PREFIX dbp: <http://dbpedia.org/property/> PREFIX rdf: <http://www.w3.org/1999/02/22-rdf-syntax-ns#> PREFIX xsd: <http://w.w3.org/201/XMLSchema#> SELECT DISTINCT ?uriWHERE { ?uri rdf:type dbo:WorldHeritageSite . { ?uri dbp:year '2013'^xsd:integer . } UNION { ?uri dbp:year '2014'^xsd:integer . } "
"113","-","Who is the youngest player in the Premier League?","-"," PREFIX dbo: <http://dbpedia.org/ontology/> PREFIX res: <http://dbpedia.org/resource/> SELECT DISTINCT ?uri WHERE { ?uri dbo:team ?x . ?x dbo:league res:Premier_League . ?uri dbo:birthDate ?y . } ORDER BY DESC(?y) OFSET 0 LIMIT 1 "
"114","WORKS","Give me all members of Prodigy.","SELECT ?objOfProp WHERE { ?Arg <http://dbpedia.org/ontology/bandMember> ?objOfProp .}"," PREFIX dbo: <http://dbpedia.org/ontology/> PREFIX res: <http://dbpedia.org/resource/> SELECT DISTINCT ?uri WHERE { res:The_Prodigy dbo:bandMember ?uri . } "
"115","-","What is the longest river?","-"," PREFIX dbo: <http://dbpedia.org/ontology/> PREFIX dbp: <http://dbpedia.org/property/> PREFIX rdf: <http://www.w3.org/1999/02/22-rdf-syntax-ns#> SELECT DISTINCT ?uri WHERE { ?uri rdf:type dbo:River . { ?uri dbo:length ?l . } UNION { ?uri dbp:length ?l . } } ORDER BY DESC(?l) OFSET 0 LIMIT 1 "
"116","-","Does Breaking Bad have more episodes than Game of Thrones?","-"," PREFIX dbo: <http://dbpedia.org/ontology/> PREFIX res: <http://dbpedia.org/resource/> ASK WHERE { res:Breaking_Bad dbo:numberOfEpisodes ?x . res:Game_of_Thrones dbo:numberOfEpisodes ?y . FILTER (?x > ?y) } "
"117","-","Give me all cars that are produced in Germany.","-"," PREFIX dbo: <http://dbpedia.org/ontology/> PREFIX dbp: <http://dbpedia.org/property/> PREFIX res: <http://dbpedia.org/resource/> PREFIX rdf: <http://www.w3.org/1999/02/22-rdf-syntax-ns#> SELECT DISTINCT ?uri WHERE { ?uri rdf:type dbo:Automobile . { ?uri dbo:assembly res:Germany . } UNION { ?uri dbp:asembly res:Germany . } UNION { { ?uri dbo:manufacturer ?x . } UNION { ?uri dbp:manufacturer ?x . } { ?x dbo:locationCountry res:Germany . } UNION { ?x dbo:location res:Germany . } } } "
"118","-","What were the main discoveries of the Mars rover Curiosity?","-","OUT OF SCOPE"
"119","-","Give me all people that were born in Vienna and died in Berlin.","-"," PREFIX dbo: <http://dbpedia.org/ontology/> PREFIX res: <http://dbpedia.org/resource/> SELECT DISTINCT ?uri WHERE { ?uri dbo:birthPlace res:Vienna . ?uri dbo:deathPlace res:Berlin . } "
"12","-","Is proinsulin a protein?","-"," PREFIX dbo: <http://dbpedia.org/ontology/> PREFIX res: <http://dbpedia.org/resource/> PREFIX rdf: <http://www.w3.org/1999/02/22-rdf-syntax-ns#> ASK WHERE { res:Proinsulin rdf:type dbo:Protein . } "
"120","WORKS","How tall is Michael Jordan?","SELECT ?objOfProp WHERE { ?Arg <http://dbpedia.org/ontology/elevation> ?objOfProp .}"," PREFIX dbo: <http://dbpedia.org/ontology/> PREFIX res: <http://dbpedia.org/resource/> SELECT DISTINCT ?num WHERE { res:Michael_Jordan dbo:height ?num . } "
"121","WORKS","What is the capital of Canada?","SELECT ?objOfProp WHERE { <http://dbpedia.org/resource/Canada_(New_France)> <http://dbpedia.org/ontology/capital> ?objOfProp .}"," PREFIX dbo: <http://dbpedia.org/ontology/> PREFIX res: <http://dbpedia.org/resource/> SELECT DISTINCT ?uri WHERE { res:Canada dbo:capital ?uri . } "
"122","WORKS","Who is the governor of Wyoming?","SELECT ?objOfProp WHERE { ?Arg <http://dbpedia.org/ontology/governor> ?objOfProp .}"," PREFIX res: <http://dbpedia.org/resource/> PREFIX dbp: <http://dbpedia.org/property/> SELECT DISTINCT ?uri WHERE { res:Wyoming dbp:governor ?uri . } "
"123","-","Do Prince Harry and Prince William have the same parents?","-"," PREFIX dbo: <http://dbpedia.org/ontology/> ASKWHERE { <http://dbpedia.org/resource/Prince_Wiliam,_Duke_of_Cambridge> dbo:parent ?x . <http://dbpedia.org/resource/Prince_Hary> dbo:parent ?x .} "
"124","WORKS","Who was the father of Queen Elizabeth II?","SELECT ?objOfProp WHERE { ?Arg <http://dbpedia.org/property/father> ?objOfProp .}"," PREFIX res: <http://dbpedia.org/resource/> PREFIX dbp: <http://dbpedia.org/property/> SELECT DISTINCT ?uri WHERE { res:Elizabeth_I dbp:father ?uri . } "
"125","-","Which U.S. state has been admitted latest?","-"," PREFIX dbp: <http://dbpedia.org/property/> PREFIX yago: <http://dbpedia.org/clas/yago/> PREFIX rdf: <http://www.w3.org/1999/02/22-rdf-syntax-ns#> SELECT DISTINCT ?uri WHERE { ?uri rdf:type yago:StatesOfTheUnitedStates . ?uri dbp:admitancedate ?x . } ORDER BY DESC(?x) OFSET 0 LIMIT 1 "
"126","WORKS","How many languages are spoken in Turkmenistan?","SELECT (COUNT(DISTINCT ?objOfProp) as ?c) WHERE { <http://dbpedia.org/resource/Turkmenistan_(TV_channel)> <http://dbpedia.org/ontology/language> ?objOfProp .}"," PREFIX dbo: <http://dbpedia.org/ontology/> PREFIX res: <http://dbpedia.org/resource/> SELECT COUNT(DISTINCT ?x) WHERE { res:Turkmenistan dbo:language ?x . } "
"127","WORKS","Sean Parnell is the governor of which U.S. state?","SELECT ?objOfProp WHERE { ?Arg <http://dbpedia.org/ontology/governor> ?objOfProp .}"," PREFIX yago: <http://dbpedia.org/clas/yago/> PREFIX dbp: <http://dbpedia.org/property/> PREFIX res: <http://dbpedia.org/resource/> PREFIX rdf: <http://www.w3.org/1999/02/22-rdf-syntax-ns#> SELECT DISTINCT ?uri WHERE { ?uri rdf:type yago:StatesOfTheUnitedStates . ?uri dbp:governor res:Sean_Parnel . } "
"128","WORKS","Give me all movies directed by Francis Ford Coppola.","SELECT ?subjOfProp WHERE { ?subjOfProp <http://dbpedia.org/ontology/director> <http://dbpedia.org/resource/Francis_Ford_Coppola> .}"," PREFIX dbo: <http://dbpedia.org/ontology/> PREFIX res: <http://dbpedia.org/resource/> PREFIX rdf: <http://www.w3.org/1999/02/22-rdf-syntax-ns#> SELECT DISTINCT ?uri WHERE { ?uri rdf:type dbo:Film . ?uri dbo:director res:Francis_Ford_Coppola . } "
"129","WORKS","Give me all actors starring in movies directed by William Shatner.","SELECT ?objOfProp WHERE { ?Arg <http://dbpedia.org/ontology/starring> ?objOfProp .}"," PREFIX dbo: <http://dbpedia.org/ontology/> PREFIX dbp: <http://dbpedia.org/property/> PREFIX res: <http://dbpedia.org/resource/> SELECT DISTINCT ?uri WHERE { ?x dbo:director res:William_Shatner . ?x dbo:starring ?uri . } "
"13","-","Are tree frogs a type of amphibian?","-"," PREFIX dbo: <http://dbpedia.org/ontology/> PREFIX res: <http://dbpedia.org/resource/> ASK WHERE { res:Hylidae dbo:clas res:Amphibian . } "
"130","-","What is the birth name of Angela Merkel?","-"," PREFIX dbp: <http://dbpedia.org/property/> PREFIX res: <http://dbpedia.org/resource/> SELECT DISTINCT ?string WHERE { res:Angela_Merkel dbp:birthName ?string . } "
"131","-","Give me all Methodist politicians.","-"," PREFIX dbo: <http://dbpedia.org/ontology/> PREFIX res: <http://dbpedia.org/resource/> PREFIX rdf: <http://www.w3.org/1999/02/22-rdf-syntax-ns#> SELECT DISTINCT ?uri WHERE { ?uri rdf:type dbo:Politician . ?uri dbo:religion res:Methodism . } "
"132","WORKS","How often did Jane Fonda marry?","SELECT (COUNT(DISTINCT ?objOfProp) as ?c) WHERE { <http://dbpedia.org/resource/Jane_Fonda> <http://dbpedia.org/ontology/spouse> ?objOfProp .}"," PREFIX dbo: <http://dbpedia.org/ontology/> PREFIX res: <http://dbpedia.org/resource/> SELECT COUNT(DISTINCT ?uri) WHERE { res:Jane_Fonda dbo:spouse ?uri . } "
"133","-","Give me all Australian nonprofit organizations.","-"," PREFIX dbo: <http://dbpedia.org/ontology/> PREFIX res: <http://dbpedia.org/resource/> SELECT DISTINCT ?uri WHERE { ?uri dbo:type res:Nonprofit_organization . { ?uri dbo:locationCountry res:Australia . } UNION { ?uri dbo:location ?x . ?x dbo:country res:Australia . } } "
"134","WORKS","In which military conflicts did Lawrence of Arabia participate?","SELECT ?objOfProp WHERE { ?Arg <http://dbpedia.org/ontology/battle> ?objOfProp .}"," PREFIX dbo: <http://dbpedia.org/ontology/> PREFIX res: <http://dbpedia.org/resource/> SELECT DISTINCT ?uri WHERE { res:T._E._Lawrence dbo:battle ?uri . } "
"135","WORKS","Who developed Minecraft?","SELECT ?objOfProp WHERE { <http://dbpedia.org/resource/Minecraft> <http://dbpedia.org/ontology/developer> ?objOfProp .}"," PREFIX dbo: <http://dbpedia.org/ontology/> PREFIX res: <http://dbpedia.org/resource/> SELECT DISTINCT ?uri WHERE { res:Minecraft dbo:developer ?uri . } "
"136","-","What is the melting point of copper?","-","OUT OF SCOPE"
"137","-","Give me all sister cities of Brno.","-","OUT OF SCOPE"
"138","-","How many inhabitants does Maribor have?","-"," PREFIX dbo: <http://dbpedia.org/ontology/> PREFIX res: <http://dbpedia.org/resource/> SELECT DISTINCT ?num WHERE { res:Maribor dbo:populationTotal ?num . } "
"139","-","Give me all companies in Munich.","-"," PREFIX dbo: <http://dbpedia.org/ontology/> PREFIX res: <http://dbpedia.org/resource/> PREFIX rdf: <http://www.w3.org/1999/02/22-rdf-syntax-ns#> SELECT DISTINCT ?uri WHERE { ?uri rdf:type dbo:Company . { ?uri dbo:location res:Munich . } UNION { ?uri dbo:headquarter res:Munich . } UNION { ?uri dbo:locationCity res:Munich . } } "
"14","WORKS","How tall is Claudia Schiffer?","SELECT ?objOfProp WHERE { ?Arg <http://dbpedia.org/ontology/elevation> ?objOfProp .}"," PREFIX res: <http://dbpedia.org/resource/> PREFIX dbo: <http://dbpedia.org/ontology/> SELECT DISTINCT ?height WHERE { res:Claudia_Schiffer dbo:height ?height . } "
"140","WORKS","List all games by GMT.","SELECT ?subjOfProp WHERE { ?subjOfProp <http://dbpedia.org/ontology/publisher> ?Arg .}"," PREFIX dbo: <http://dbpedia.org/ontology/> PREFIX res: <http://dbpedia.org/resource/> SELECT DISTINCT ?uri WHERE { ?uri dbo:publisher res:GMT_Games . } "
"141","WORKS","Who founded Intel?","SELECT ?objOfProp WHERE { ?Arg <http://dbpedia.org/ontology/foundedBy> ?objOfProp .}"," PREFIX dbo: <http://dbpedia.org/ontology/> PREFIX res: <http://dbpedia.org/resource/> SELECT DISTINCT ?uri WHERE { res:Intel dbo:foundedBy ?uri . } "
"142","-","Who is the husband of Amanda Palmer?","-"," PREFIX dbp: <http://dbpedia.org/property/> PREFIX res: <http://dbpedia.org/resource/> SELECT DISTINCT ?uri WHERE { res:Amanda_Palmer dbp:spouse ?uri . } "
"143","-","Give me all breeds of the German Shepherd dog.","-"," PREFIX dbp: <http://dbpedia.org/property/> PREFIX res: <http://dbpedia.org/resource/> SELECT DISTINCT ?uri WHERE { ?uri dbp:bred res:German_Shepherd . } "
"144","WORKS","Which cities does the Weser flow through?","SELECT ?objOfProp WHERE { <http://dbpedia.org/resource/Weser> <http://dbpedia.org/ontology/city> ?objOfProp .}"," PREFIX dbo: <http://dbpedia.org/ontology/> PREFIX res: <http://dbpedia.org/resource/> SELECT DISTINCT ?uri WHERE { res:Weser dbo:city ?uri . } "
"145","-","Which countries are connected by the Rhine?","-"," PREFIX dbo: <http://dbpedia.org/ontology/> PREFIX dbp: <http://dbpedia.org/property/> PREFIX res: <http://dbpedia.org/resource/> PREFIX rdf: <http://www.w3.org/1999/02/22-rdf-syntax-ns#> PREFIX rdfs: <http://w.w3.org/20/01/rdf-schema#> SELECT DISTINCT ?uri WHERE { res:Rhine dbp:country ?string . ?uri rdf:type dbo:Country . ?uri rdfs:label ?string . } "
"146","-","Which professional surfers were born in Australia?","-"," PREFIX dbo: <http://dbpedia.org/ontology/> PREFIX res: <http://dbpedia.org/resource/> SELECT DISTINCT ?uri WHERE { ?uri dbo:occupation res:Surfing . { ?uri dbo:birthPlace res:Australia . } UNION { ?uri dbo:birthPlace ?x . ?x dbo:country res:Australia . } "
"147","-","What is the average temperature on Hawaii?","-","OUT OF SCOPE"
"148","-","In which UK city are the headquarters of the MI6?","-"," PREFIX res: <http://dbpedia.org/resource/> PREFIX dbo: <http://dbpedia.org/ontology/> PREFIX rdf: <http://www.w3.org/1999/02/22-rdf-syntax-ns#>SELECT DISTINCT ?uri WHERE { res:Secret_Intelligence_Service dbo:headquarter ?uri . ?uri dbo:country res:United_Kingdom . } "
"149","-","Which other weapons did the designer of the Uzi develop?","-"," PREFIX dbo: <http://dbpedia.org/ontology/> PREFIX dbp: <http://dbpedia.org/property/> PREFIX res: <http://dbpedia.org/resource/> PREFIX rdf: <http://www.w3.org/1999/02/22-rdf-syntax-ns#> SELECT DISTINCT ?uri WHERE { ?uri rdf:type dbo:Weapon . ?uri dbp:designer ?x . res:Uzi dbp:designer ?x . FILTER (?uri != res:Uzi) } "
"15","WORKS","Who created Goofy?","SELECT ?objOfProp WHERE { ?Arg <http://dbpedia.org/ontology/author> ?objOfProp .}"," PREFIX dbo: <http://dbpedia.org/ontology/> PREFIX res: <http://dbpedia.org/resource/> SELECT DISTINCT ?uri WHERE { res:Goofy dbo:creator ?uri . } "
"150","-","Was the Cuban Missile Crisis earlier than the Bay of Pigs Invasion?","-"," PREFIX dbo: <http://dbpedia.org/ontology/> PREFIX res: <http://dbpedia.org/resource/> ASK WHERE { res:Cuban_missile_crisis dbo:date ?x . res:Bay_of_Pigs_Invasion dbo:date ?y . FILTER (?x < ?y) } "
"151","-","Give me all islands that belong to Japan.","-"," PREFIX dbo: <http://dbpedia.org/ontology/> PREFIX res: <http://dbpedia.org/resource/> PREFIX rdf: <http://www.w3.org/1999/02/22-rdf-syntax-ns#> SELECT DISTINCT ?uri WHERE { ?uri rdf:type dbo:Island . ?uri dbo:country res:Japan . } "
"152","-","Who invented the zipper?","-","OUT OF SCOPE"
"153","-","What is the ruling party in Lisbon?","-"," PREFIX dbp: <http://dbpedia.org/property/> PREFIX res: <http://dbpedia.org/resource/> SELECT DISTINCT ?uri WHERE { res:Lisbon dbp:leaderParty ?uri . } "
"154","WORKS","What are the nicknames of San Francisco?","SELECT ?objOfProp WHERE { <http://dbpedia.org/resource/San_Francisco> <http://dbpedia.org/property/nickname> ?objOfProp .}"," PREFIX dbp: <http://dbpedia.org/property/> PREFIX res: <http://dbpedia.org/resource/> SELECT DISTINCT ?string WHERE { res:San_Francisco dbp:nickname ?string . } "
"155","-","Which Greek goddesses dwelt on Mount Olympus?","-"," PREFIX dbp: <http://dbpedia.org/property/> PREFIX res: <http://dbpedia.org/resource/> PREFIX yago: <http://dbpedia.org/clas/yago/> PREFIX rdf: <http://www.w3.org/1999/02/22-rdf-syntax-ns#> SELECT DISTINCT ?uri WHERE { ?uri rdf:type yago:GrekGodeses . ?uri dbp:abode res:Mount_Olympus . } "
"156","-","When were the Hells Angels founded?","-"," PREFIX dbp: <http://dbpedia.org/property/> PREFIX res: <http://dbpedia.org/resource/> SELECT DISTINCT ?date WHERE { res:Hells_Angels dbp:founded ?date . } "
"157","-","Give me all Apollo 14 astronauts.","-"," PREFIX dbo: <http://dbpedia.org/ontology/> PREFIX res: <http://dbpedia.org/resource/> SELECT DISTINCT ?uri WHERE { ?uri dbo:mission res:Apollo_14 . } "
"158","WORKS","What is the time zone of Salt Lake City?","SELECT ?objOfProp WHERE { <http://dbpedia.org/resource/Salt_Lake_City> <http://dbpedia.org/ontology/timeZone> ?objOfProp .}"," PREFIX res: <http://dbpedia.org/resource/> PREFIX dbp: <http://dbpedia.org/property/> SELECT DISTINCT ?uri WHERE { res:Salt_Lake_City dbp:timezone ?uri . } "
"159","-","Which U.S. states are in the same time zone as Utah?","-"," PREFIX res: <http://dbpedia.org/resource/> PREFIX dbp: <http://dbpedia.org/property/> PREFIX yago: <http://dbpedia.org/clas/yago/> PREFIX rdf: <http://www.w3.org/1999/02/22-rdf-syntax-ns#> SELECT DISTINCT ?uri WHERE { res:Utah dbp:timezone ?x . ?uri rdf:type yago:StatesOfTheUnitedStates . ?uri dbp:timezone ?x . FILTER (?uri != res:Utah) } "
"16","-","Give me the capitals of all countries in Africa.","-"," PREFIX dbo: <http://dbpedia.org/ontology/> PREFIX yago: <http://dbpedia.org/clas/yago/> PREFIX rdf: <http://www.w3.org/1999/02/22-rdf-syntax-ns#> SELECT DISTINCT ?uri WHERE { ?states rdf:type yago:AfricanCountries . ?states dbo:capital ?uri . } "
"160","-","Give me a list of all lakes in Denmark.","-"," PREFIX dbo: <http://dbpedia.org/ontology/> PREFIX res: <http://dbpedia.org/resource/> PREFIX yago: <http://dbpedia.org/clas/yago/> PREFIX rdf: <http://www.w3.org/1999/02/22-rdf-syntax-ns#> SELECT DISTINCT ?uri WHERE { { ?uri rdf:type dbo:Lake . ?uri dbo:country res:Denmark . } UNION { ?uri rdf:type yago:LakesOfDenmark . } } "
"161","-","How many missions does the Soyuz programme have?","-"," PREFIX dbp: <http://dbpedia.org/property/> PREFIX res: <http://dbpedia.org/resource/> SELECT COUNT(DISTINCT ?uri)WHERE { ?uri dbp:programe res:Soyuz_programme . } "
"162","-","Did Socrates influence Aristotle?","-"," PREFIX dbo: <http://dbpedia.org/ontology/> PREFIX res: <http://dbpedia.org/resource/> ASK WHERE { res:Socrates dbo:influenced res:Aristotle . } "
"163","-","Give me all Danish movies.","-"," PREFIX dbo: <http://dbpedia.org/ontology/> PREFIX res: <http://dbpedia.org/resource/> PREFIX rdf: <http://www.w3.org/1999/02/22-rdf-syntax-ns#> SELECT DISTINCT ?uri WHERE { ?uri rdf:type dbo:Film . ?uri dbo:country res:Denmark . } "
"164","WORKS","Give me all launch pads operated by NASA.","SELECT ?subjOfProp WHERE { ?subjOfProp <http://dbpedia.org/ontology/operator> <http://dbpedia.org/resource/NASA> .}"," PREFIX dbo: <http://dbpedia.org/ontology/> PREFIX res: <http://dbpedia.org/resource/> PREFIX rdf: <http://www.w3.org/1999/02/22-rdf-syntax-ns#> SELECT DISTINCT ?uri WHERE { ?uri rdf:type dbo:LaunchPad . ?uri dbo:operator res:NASA . } "
"165","-","Which instruments does Cat Stevens play?","-"," PREFIX dbo: <http://dbpedia.org/ontology/> PREFIX res: <http://dbpedia.org/resource/> SELECT DISTINCT ?uri WHERE { res:Cat_Stevens dbo:instrument ?uri . } "
"166","-","Which ships were called after Benjamin Franklin?","-"," PREFIX res: <http://dbpedia.org/resource/> PREFIX dbp: <http://dbpedia.org/property/> SELECT DISTINCT ?uri WHERE { ?uri dbp:shipNamesake res:Benjamin_Franklin . } "
"167","WORKS","Who are the parents of the wife of Juan Carlos I?","SELECT ?objOfProp WHERE { <http://dbpedia.org/resource/107th_New_York_State_Legislature> <http://dbpedia.org/ontology/parent> ?objOfProp .}"," PREFIX dbo: <http://dbpedia.org/ontology/> PREFIX res: <http://dbpedia.org/resource/> SELECT DISTINCT ?uri WHERE { res:Juan_Carlos_I_of_Spain dbo:spouse ?x . ?x dbo:parent ?uri . } "
"168","-","How many employees does Google have?","-"," PREFIX res: <http://dbpedia.org/resource/> PREFIX dbo: <http://dbpedia.org/ontology/> SELECT DISTINCT ?num WHERE { res:Google dbo:numberOfEmployees ?num . } "
"169","-","Did Tesla win a nobel prize in physics?","-"," PREFIX dbo: <http://dbpedia.org/ontology/> PREFIX res: <http://dbpedia.org/resource/> ASK WHERE { res:Nikola_Tesla dbo:award res:Nobel_Prize_in_Physics . } "
"17","WORKS","Give me all cities in New Jersey with more than 100000 inhabitants.","SELECT ?objOfProp WHERE { ?Arg <http://dbpedia.org/ontology/isPartOf> ?objOfProp .}"," PREFIX dbo: <http://dbpedia.org/ontology/> PREFIX res: <http://dbpedia.org/resource/> PREFIX rdf: <http://www.w3.org/1999/02/22-rdf-syntax-ns#> SELECT DISTINCT ?uri WHERE { ?uri rdf:type dbo:City . ?uri dbo:isPartOf res:New_Jersey . ?uri dbo:populationTotal ?inhabitants . FILTER (?inhabitants > 10) . } "
"170","WORKS","Is Rita Wilson the wife of Tom Hanks?","SELECT ?objOfProp WHERE { <http://dbpedia.org/resource/Tom_Hanks> <http://dbpedia.org/ontology/spouse> ?objOfProp .}"," PREFIX dbo: <http://dbpedia.org/ontology/> PREFIX res: <http://dbpedia.org/resource/> ASK WHERE { res:Tom_Hanks dbo:spouse res:Rita_Wilson . } "
"171","WORKS","When was the Statue of Liberty built?","SELECT ?objOfProp WHERE { ?Arg <http://dbpedia.org/ontology/buildingStartDate> ?objOfProp .}"," PREFIX dbp: <http://dbpedia.org/property/> PREFIX res: <http://dbpedia.org/resource/> SELECT DISTINCT ?date WHERE { res:Statue_of_Liberty dbp:beginingDate ?date . } "
"172","-","In which U.S. state is Fort Knox located?","-"," PREFIX dbo: <http://dbpedia.org/ontology/> PREFIX dbp: <http://dbpedia.org/property/> PREFIX res: <http://dbpedia.org/resource/> SELECT DISTINCT ?uri WHERE { res:Fort_Knox dbp:location ?uri . ?uri dbo:country res:United_States . } "
"173","-","How many children did Benjamin Franklin have?","-"," PREFIX res: <http://dbpedia.org/resource/> PREFIX dbo: <http://dbpedia.org/ontology/> SELECT COUNT(DISTINCT ?uri) WHERE { res:Benjamin_Franklin dbo:child ?uri . } "
"174","WORKS","When did Michael Jackson die?","SELECT ?objOfProp WHERE { <http://dbpedia.org/resource/Michael_Jackson_(writer)> <http://dbpedia.org/ontology/deathDate> ?objOfProp .}"," PREFIX dbo: <http://dbpedia.org/ontology/> PREFIX res: <http://dbpedia.org/resource/> SELECT DISTINCT ?date WHERE { res:Michael_Jackson dbo:deathDate ?date . } "
"175","-","Which Chess players died in the same place they were born in?","-"," PREFIX dbo: <http://dbpedia.org/ontology/> PREFIX rdf: <http://www.w3.org/1999/02/22-rdf-syntax-ns#> SELECT DISTINCT ?uri WHERE { ?uri rdf:type dbo:ChessPlayer . ?uri dbo:birthPlace ?x . ?uri dbo:deathPlace ?y . FILTER (?x = ?y) . } "
"176","WORKS","List the children of Margaret Thatcher.","SELECT ?objOfProp WHERE { <http://dbpedia.org/resource/Margaret_Thatcher> <http://dbpedia.org/ontology/child> ?objOfProp .}"," PREFIX res: <http://dbpedia.org/resource/> PREFIX dbo: <http://dbpedia.org/ontology/> SELECT DISTINCT ?uri WHERE { res:Margaret_Thatcher dbo:child ?uri . } "
"177","-","Who was called Frank The Tank?","-"," PREFIX dbp: <http://dbpedia.org/property/> SELECT DISTINCT ?uri WHERE { ?uri dbp:nickname 'Frank The Tank'@en . }"
"178","-","Was Margaret Thatcher a chemist?","-"," PREFIX res: <http://dbpedia.org/resource/> PREFIX dbo: <http://dbpedia.org/ontology/> ASK WHERE { res:Margaret_Thatcher dbo:profession res:Chemist . } "
"179","-","Was Marc Chagall a jew?","-","PREFIX dbp: <http://dbpedia.org/property/>PREFIX res: <http://dbpedia.org/resource/>ASK WHERE { res:Marc_Chagal dbp:ethnicity 'Jewish'@en .}"
"18","WORKS","Which museum exhibits The Scream by Munch?","SELECT ?objOfProp WHERE { ?Arg <http://dbpedia.org/ontology/museum> ?objOfProp .}","PREFIX dbo: <http://dbpedia.org/ontology/>PREFIX res: <http://dbpedia.org/resource/>SELECT DISTINCT ?uriWHERE { res:The_Scream dbo:museum ?uri .}"
"180","WORKS","Give me all books by William Goldman with more than 300 pages.","SELECT ?subjOfProp WHERE { ?subjOfProp <http://dbpedia.org/ontology/author> ?Arg .}","PREFIX dbo: <http://dbpedia.org/ontology/>PREFIX res: <http://dbpedia.org/resource/>PREFIX rdf: <http://www.w3.org/1999/02/22-rdf-syntax-ns#>SELECT DISTINCT ?uri WHERE { ?uri rdf:type dbo:Book . ?uri dbo:author res:William_Goldman . ?uri dbo:numberOfPages ?x . FILTER (?x > 30)}"
"181","-","Which books by Kerouac were published by Viking Press?","-","PREFIX dbo: <http://dbpedia.org/ontology/>PREFIX res: <http://dbpedia.org/resource/>PREFIX rdf: <http://www.w3.org/1999/02/22-rdf-syntax-ns#>SELECT DISTINCT ?uri WHERE { ?uri rdf:type dbo:Book . ?uri dbo:publisher res:Viking_Pres . ?uri dbo:author res:Jack_Kerouac .}"
"182","-","Give me a list of all American inventions.","-","PREFIX yago: <http://dbpedia.org/clas/yago/>PREFIX rdf: <http://www.w3.org/1999/02/22-rdf-syntax-ns#>SELECT DISTINCT ?uri WHERE { ?uri rdf:type yago:AmericanInventions .}"
"183","WORKS","How high is the Mount Everest?","SELECT ?objOfProp WHERE { <http://dbpedia.org/resource/Mount_Everest> <http://dbpedia.org/ontology/elevation> ?objOfProp .}","PREFIX dbo: <http://dbpedia.org/ontology/>PREFIX res: <http://dbpedia.org/resource/>SELECT DISTINCT ?num WHERE { res:Mount_Everest dbo:elevation ?num.}"
"184","WORKS","Who created the comic Captain America?","SELECT ?objOfProp WHERE { ?Arg <http://dbpedia.org/ontology/author> ?objOfProp .}","PREFIX dbo: <http://dbpedia.org/ontology/>PREFIX res: <http://dbpedia.org/resource/>SELECT DISTINCT ?uri WHERE { res:Captain_America dbo:creator ?uri .}"
"185","WORKS","How many people live in the capital of Australia?","SELECT ?objOfProp WHERE { <http://dbpedia.org/resource/Australia> <http://dbpedia.org/ontology/capital> ?objOfProp .}","PREFIX dbo: <http://dbpedia.org/ontology/>PREFIX res: <http://dbpedia.org/resource/>SELECT DISTINCT ?num WHERE { res:Australia dbo:capital ?x . ?x dbo:populationTotal ?num .}"
"186","WORKS","What is the largest city in Australia?","SELECT ?objOfProp WHERE { <http://dbpedia.org/resource/Australia> <http://dbpedia.org/ontology/largestCity> ?objOfProp .}","PREFIX dbo: <http://dbpedia.org/ontology/>PREFIX res: <http://dbpedia.org/resource/>SELECT DISTINCT ?uri WHERE { res:Australia dbo:largestCity ?uri .}"
"187","WORKS","Who composed the music for Harold and Maude?","SELECT ?objOfProp WHERE { ?Arg <http://dbpedia.org/ontology/musicComposer> ?objOfProp .}","PREFIX res: <http://dbpedia.org/resource/>PREFIX dbo: <http://dbpedia.org/ontology/>SELECT DISTINCT ?uri WHERE { res:Harold_and_Maude dbo:musicComposer ?uri .}"
"188","-","Which films starring Clint Eastwood did he direct himself?","-","PREFIX dbo: <http://dbpedia.org/ontology/>PREFIX res: <http://dbpedia.org/resource/>SELECT DISTINCT ?uri WHERE { ?uri dbo:director res:Clint_Eastwood . ?uri dbo:starring res:Clint_Eastwood .}"
"189","-","In which city was the former Dutch queen Juliana buried?","-","PREFIX dbo: <http://dbpedia.org/ontology/>PREFIX res: <http://dbpedia.org/resource/>PREFIX rdf: <http://www.w3.org/1999/02/22-rdf-syntax-ns#>SELECT DISTINCT ?uri WHERE { res:Juliana_of_the_Netherlands dbo:restingPlace ?uri. ?uri rdf:type dbo:Settlement .}"
"19","-","Is Egypts largest city also its capital?","-","PREFIX res: <http://dbpedia.org/resource/>PREFIX dbo: <http://dbpedia.org/ontology/>ASK WHERE { res:Egypt dbo:largestCity ?large . res:Egypt dbo:capital ?capital . FILTER (?large = ?capital)}"
"190","WORKS","Where is the residence of the prime minister of Spain?","SELECT ?objOfProp WHERE { ?Arg <http://dbpedia.org/ontology/residence> ?objOfProp .}","PREFIX dbp: <http://dbpedia.org/property/>PREFIX res: <http://dbpedia.org/resource/>SELECT DISTINCT ?uri WHERE { res:Prime_Minister_of_Spain dbp:residence ?uri .}"
"191","-","Which U.S. state has the abbreviation MN?","-","PREFIX dbp: <http://dbpedia.org/property/>PREFIX yago: <http://dbpedia.org/clas/yago/>PREFIX rdf: <http://www.w3.org/1999/02/22-rdf-syntax-ns#>SELECT DISTINCT ?uri WHERE { ?uri rdf:type yago:StatesOfTheUnitedStates . ?uri dbp:postalabreviation 'MN'@en .}"
"192","-","Show me all songs from Bruce Springsteen released between 1980 and 1990.","-","PREFIX dbo: <http://dbpedia.org/ontology/>PREFIX res: <http://dbpedia.org/resource/>PREFIX rdf: <http://www.w3.org/1999/02/22-rdf-syntax-ns#>PREFIX xsd: <http://w.w3.org/201/XMLSchema#>SELECT DISTINCT ?uri WHERE { ?uri rdf:type dbo:Song . ?uri dbo:artist res:Bruce_Springsteen . ?uri dbo:releaseDate ?date . FILTER (?date >= '1980-01-01'^xsd:date & ?date <= '190-12-31'^xsd:date)}"
"193","WORKS","Which movies did Kurosawa direct?","SELECT ?subjOfProp WHERE { ?subjOfProp <http://dbpedia.org/ontology/director> ?Arg .}","PREFIX dbo: <http://dbpedia.org/ontology/>PREFIX res: <http://dbpedia.org/resource/>PREFIX rdf: <http://www.w3.org/1999/02/22-rdf-syntax-ns#>SELECT DISTINCT ?uriWHERE { ?uri rdf:type dbo:Film . ?uri dbo:director res:Akira_Kurosawa .}"
"194","WORKS","What is the founding year of the brewery that produces Pilsner Urquell?","SELECT ?objOfProp WHERE { ?Arg <http://dbpedia.org/ontology/foundingYear> ?objOfProp .}","PREFIX dbp: <http://dbpedia.org/property/>PREFIX res: <http://dbpedia.org/resource/>SELECT DISTINCT ?num WHERE { res:Pilsner_Urquel dbp:brewery ?uri . ?uri dbp:foundation ?num .}"
"195","WORKS","Who wrote the lyrics for the Polish national anthem?","SELECT ?objOfProp WHERE { ?Arg <http://dbpedia.org/ontology/composer> ?objOfProp .}","PREFIX dbo: <http://dbpedia.org/ontology/>PREFIX dbp: <http://dbpedia.org/property/>PREFIX res: <http://dbpedia.org/resource/>SELECT DISTINCT ?uri WHERE { res:Poland dbo:anthem ?x . ?x dbp:author ?uri .}"
"196","-","Give me all B-sides of the Ramones.","-","PREFIX dbo: <http://dbpedia.org/ontology/>PREFIX res: <http://dbpedia.org/resource/>SELECT DISTINCT ?string WHERE { ?x dbo:musicalArtist res:Ramones . ?x dbo:bSide ?string . }"
"197","WORKS","Who painted The Storm on the Sea of Galilee?","SELECT ?objOfProp WHERE { ?Arg <http://dbpedia.org/ontology/artist> ?objOfProp .}","PREFIX dbo: <http://dbpedia.org/ontology/>PREFIX res: <http://dbpedia.org/resource/>SELECT DISTINCT ?uri WHERE { res:The_Storm_on_the_Sea_of_Galile dbo:author ?uri .}"
"198","WORKS","Which country does the creator of Miffy come from?","SELECT ?objOfProp WHERE { ?Arg <http://dbpedia.org/ontology/creator> ?objOfProp .}","PREFIX dbo: <http://dbpedia.org/ontology/>PREFIX res: <http://dbpedia.org/resource/>SELECT DISTINCT ?uri WHERE { res:Miffy dbo:creator ?x . ?x dbo:nationality ?uri .}"
"199","-","For which label did Elvis record his first album?","-","PREFIX dbo: <http://dbpedia.org/ontology/>PREFIX res: <http://dbpedia.org/resource/>PREFIX rdf: <http://www.w3.org/1999/02/22-rdf-syntax-ns#>SELECT DISTINCT ?uri WHERE { ?x rdf:type dbo:Album . ?x dbo:artist res:Elvis_Presley . ?x dbo:releaseDate ?y . ?x dbo:recordLabel ?uri .}ORDER BY ASC(?y) OFSET 0 LIMIT 1"
"2","-","Give me the birthdays of all actors of the television show Charmed.","-","PREFIX dbo: <http://dbpedia.org/ontology/>PREFIX res: <http://dbpedia.org/resource/>SELECT DISTINCT ?date WHERE { res:Charmed dbo:starring ?actor . ?actor dbo:birthDate ?date .}"
"20","-","How many employees does IBM have?","-","PREFIX dbo: <http://dbpedia.org/ontology/>PREFIX res: <http://dbpedia.org/resource/>SELECT DISTINCT ?number WHERE { res:IBM dbo:numberOfEmployees ?number .}"
"21","-","Which states border Illinois?","-","PREFIX res: <http://dbpedia.org/resource/>PREFIX dbp: <http://dbpedia.org/property/>SELECT DISTINCT ?uri WHERE { res:Illinois dbp:borderingstates ?uri .}"
"22","WORKS","In which country is the Limerick Lake?","SELECT ?objOfProp WHERE { ?Arg <http://dbpedia.org/ontology/birthPlace> ?objOfProp .}","PREFIX dbo: <http://dbpedia.org/ontology/>PREFIX res: <http://dbpedia.org/resource/>SELECT DISTINCT ?uri WHERE { res:Limerick_Lake dbo:country ?uri .}"
"23","WORKS","Which television shows were created by John Cleese?","SELECT ?subjOfProp WHERE { ?subjOfProp <http://dbpedia.org/ontology/creator> <http://dbpedia.org/resource/John_Cleese> .}","PREFIX dbo: <http://dbpedia.org/ontology/>PREFIX res: <http://dbpedia.org/resource/>PREFIX rdf: <http://www.w3.org/1999/02/22-rdf-syntax-ns#>SELECT DISTINCT ?uriWHERE { ?uri rdf:type dbo:TelevisionShow . ?uri dbo:creator res:John_Cleese .}"
"24","-","Which mountain is the highest after the Annapurna?","-","PREFIX dbo: <http://dbpedia.org/ontology/>PREFIX res: <http://dbpedia.org/resource/>PREFIX rdf: <http://www.w3.org/1999/02/22-rdf-syntax-ns#>SELECT DISTINCT ?uriWHERE { res:Annapurna dbo:elevation ?elevation . ?uri rdf:type dbo:Mountain . ?uri dbo:elevation ?otherelevation . FILTER (?otherelevation < ?elevation) .} ORDER BY DESC(?otherelevation) OFSET 0 LIMIT 1"
"25","-","In which films directed by Garry Marshall was Julia Roberts starring?","-","PREFIX dbo: <http://dbpedia.org/ontology/>PREFIX res: <http://dbpedia.org/resource/>PREFIX rdf: <http://www.w3.org/1999/02/22-rdf-syntax-ns#>SELECT DISTINCT ?uriWHERE { ?uri rdf:type dbo:Film . ?uri dbo:starring res:Julia_Roberts . ?uri dbo:director res:Garry_Marshall .}"
"26","-","Which bridges are of the same type as the Manhattan Bridge?","-","PREFIX dbo: <http://dbpedia.org/ontology/>PREFIX dbp: <http://dbpedia.org/property/>PREFIX res: <http://dbpedia.org/resource/>PREFIX rdf: <http://www.w3.org/1999/02/22-rdf-syntax-ns#>SELECT DISTINCT ?uriWHERE { ?uri rdf:type dbo:Bridge . ?uri dbp:design ?design . res:Manhattan_Bridge dbp:design ?mdesign . FILTER (?design = ?mdesign & ?uri != res:Manhattan_Bridge) . }"
"27","-","Was U.S. president Jackson involved in a war?","-","PREFIX dbo: <http://dbpedia.org/ontology/>PREFIX res: <http://dbpedia.org/resource/>ASK WHERE { res:Andrew_Jackson dbo:battle ?batle . }"
"28","-","Give me all communist countries.","-","PREFIX dbo: <http://dbpedia.org/ontology/>PREFIX res: <http://dbpedia.org/resource/>PREFIX rdf: <http://www.w3.org/1999/02/22-rdf-syntax-ns#>SELECT DISTINCT ?uriWHERE { ?uri rdf:type dbo:Country . { ?uri dbo:governmentType res:Communism . } UNION { ?uri dbo:governmentType res:Communist_state . }"
"29","WORKS","Which awards did Douglas Hofstadter win?","SELECT ?objOfProp WHERE { <http://dbpedia.org/resource/Douglas_Hofstadter> <http://dbpedia.org/ontology/award> ?objOfProp .}","PREFIX res: <http://dbpedia.org/resource/>PREFIX dbo: <http://dbpedia.org/ontology/>SELECT DISTINCT ?uriWHERE { res:Douglas_Hofstadter dbo:award ?uri .}"
"3","WORKS","Who is the daughter of Robert Kennedy married to?","SELECT ?objOfProp WHERE { ?Arg <http://dbpedia.org/ontology/child> ?objOfProp .}","PREFIX dbo: <http://dbpedia.org/ontology/>PREFIX res: <http://dbpedia.org/resource/>SELECT DISTINCT ?uri WHERE { res:Robert_F._Kennedy dbo:child ?child . ?child dbo:spouse ?uri .}"
"30","-","Which U.S. state has the highest population density?","-","PREFIX yago: <http://dbpedia.org/clas/yago/>PREFIX dbp: <http://dbpedia.org/property/>PREFIX rdf: <http://www.w3.org/1999/02/22-rdf-syntax-ns#>SELECT DISTINCT ?uri WHERE { ?uri rdf:type yago:StatesOfTheUnitedStates . ?uri dbp:densityrank ?rank .} ORDER BY ASC(?rank) OFSET 0 LIMIT 1"
"31","WORKS","What is the currency of the Czech Republic?","SELECT ?objOfProp WHERE { ?Arg <http://dbpedia.org/ontology/currency> ?objOfProp .}","PREFIX dbo: <http://dbpedia.org/ontology/>PREFIX res: <http://dbpedia.org/resource/>SELECT DISTINCT ?uriWHERE { res:Czech_Republic dbo:currency ?uri .}"
"32","-","Which countries adopted the Euro?","-","PREFIX dbp: <http://dbpedia.org/property/>PREFIX dbo: <http://dbpedia.org/ontology/>PREFIX res: <http://dbpedia.org/resource/>PREFIX rdf: <http://www.w3.org/1999/02/22-rdf-syntax-ns#>SELECT DISTINCT ?uriWHERE { ?uri rdf:type dbo:Country . { ?uri dbo:currency res:Euro . } UNION { ?uri dbp:curencyCode 'EUR'@en . }"
"33","WORKS","What is the area code of Berlin?","SELECT ?objOfProp WHERE { <http://dbpedia.org/resource/Berlin_(Seedorf)> <http://dbpedia.org/ontology/areaCode> ?objOfProp .}","PREFIX dbo: <http://dbpedia.org/ontology/>PREFIX res: <http://dbpedia.org/resource/>SELECT DISTINCT ?string WHERE { res:Berlin dbo:areaCode ?string .}"
"34","-","Which countries have more than two official languages?","-","PREFIX dbo: <http://dbpedia.org/ontology/>PREFIX rdf: <http://www.w3.org/1999/02/22-rdf-syntax-ns#>SELECT DISTINCT ?uri WHERE { ?uri rdf:type dbo:Country . ?uri dbo:officialLanguage ?language .} GROUP BY ?uriHAVING (COUNT(?language) > 2)"
"35","-","Who is the owner of Rolls-Royce?","-","PREFIX dbo: <http://dbpedia.org/ontology/>PREFIX res: <http://dbpedia.org/resource/>SELECT DISTINCT ?uriWHERE { res:Rolls-Royce_Motors dbo:owner ?uri .}"
"36","WORKS","Through which countries does the Yenisei river flow?","SELECT ?objOfProp WHERE { <http://dbpedia.org/resource/Yenisei_River> <http://dbpedia.org/property/country> ?objOfProp .}","PREFIX res: <http://dbpedia.org/resource/>PREFIX dbo: <http://dbpedia.org/ontology/>SELECT DISTINCT ?uri WHERE { res:Yenisei dbo:country ?uri .}"
"37","-","When did Latvia join the EU?","-","PREFIX res: <http://dbpedia.org/resource/>PREFIX dbp: <http://dbpedia.org/property/>SELECT DISTINCT ?date WHERE { res:Latvia dbp:acesioneudate ?date . }"
"38","-","Which monarchs were married to a German?","-","PREFIX dbo: <http://dbpedia.org/ontology/>PREFIX res: <http://dbpedia.org/resource/>PREFIX rdf: <http://www.w3.org/1999/02/22-rdf-syntax-ns#>SELECT DISTINCT ?uri WHERE { ?uri rdf:type dbo:Monarch . ?uri dbo:spouse ?spouse . { ?spouse dbo:birthPlace res:Germany. } UNION { ?spouse dbo:birthPlace ?p . ?p dbo:country res:Germany. }"
"39","-","When was the Battle of Gettysburg?","-","PREFIX dbo: <http://dbpedia.org/ontology/>PREFIX res: <http://dbpedia.org/resource/>SELECT DISTINCT ?date WHERE { res:Battle_of_Gettysburg dbo:date ?date .}"
"4","WORKS","Which river does the Brooklyn Bridge cross?","SELECT ?objOfProp WHERE { <http://dbpedia.org/resource/Brooklyn_Bridge> <http://dbpedia.org/ontology/crosses> ?objOfProp .}","PREFIX dbo: <http://dbpedia.org/ontology/>PREFIX res: <http://dbpedia.org/resource/>SELECT DISTINCT ?uriWHERE { res:Brooklyn_Bridge dbo:crosses ?uri . }"
"40","WORKS","What is the highest mountain in Australia?","SELECT DISTINCT ?objOfProp WHERE { ?objOfProp <http://www.w3.org/1999/02/22-rdf-syntax-ns#type> <http://dbpedia.org/ontology/Mountain> . ?objOfProp <http://dbpedia.org/ontology/locatedInArea> <http://dbpedia.org/resource/Australia> . ?objOfProp <http://dbpedia.org/ontology/elevation> ?num . } ORDER BY DESC(?num) LIMIT 1","PREFIX dbo: <http://dbpedia.org/ontology/>PREFIX res: <http://dbpedia.org/resource/>PREFIX rdf: <http://www.w3.org/1999/02/22-rdf-syntax-ns#>SELECT DISTINCT ?uri WHERE { ?uri rdf:type dbo:Mountain . ?uri dbo:locatedInArea res:Australia . ?uri dbo:elevation ?elevation .} ORDER BY DESC(?elevation) OFSET 0 LIMIT 1"
"41","-","Give me all soccer clubs in Spain.","-","PREFIX dbo: <http://dbpedia.org/ontology/>PREFIX dbp: <http://dbpedia.org/property/>PREFIX res: <http://dbpedia.org/resource/>PREFIX rdf: <http://www.w3.org/1999/02/22-rdf-syntax-ns#>SELECT DISTINCT ?uriWHERE { ?uri rdf:type dbo:SoccerClub . { ?uri dbo:ground res:Spain . } UNION { ?uri dbp:ground ?ground . FILTER (regex(?ground,'Spain') }"
"42","WORKS","What is the official language of Suriname?","SELECT ?objOfProp WHERE { <http://dbpedia.org/resource/Suriname> <http://dbpedia.org/ontology/officialLanguage> ?objOfProp .}","PREFIX dbo: <http://dbpedia.org/ontology/>PREFIX res: <http://dbpedia.org/resource/>SELECT DISTINCT ?uriWHERE { res:Suriname dbo:officialLanguage ?uri .}"
"43","WORKS","Who is the mayor of Tel Aviv?","SELECT ?objOfProp WHERE { <http://dbpedia.org/resource/Tel_Aviv> <http://dbpedia.org/ontology/leaderName> ?objOfProp .}","PREFIX dbo: <http://dbpedia.org/ontology/>PREFIX res: <http://dbpedia.org/resource/>SELECT DISTINCT ?uriWHERE { res:Tel_Aviv dbo:leaderName ?uri .}"
"44","WORKS","Who designed the Brooklyn Bridge?","SELECT ?objOfProp WHERE { <http://dbpedia.org/resource/Brooklyn_Bridge> <http://dbpedia.org/ontology/architect> ?objOfProp .}","PREFIX res: <http://dbpedia.org/resource/>PREFIX dbo: <http://dbpedia.org/ontology/>SELECT DISTINCT ?uri WHERE { res:Brooklyn_Bridge dbo:architect ?uri .}"
"45","-","Which telecommunications organizations are located in Belgium?","-","PREFIX dbo: <http://dbpedia.org/ontology/>PREFIX dbp: <http://dbpedia.org/property/>PREFIX res: <http://dbpedia.org/resource/>PREFIX rdf: <http://www.w3.org/1999/02/22-rdf-syntax-ns#>SELECT COUNT(DISTINCT ?uri)WHERE { "
"46","-","Is Frank Herbert still alive?","-","PREFIX dbo: <http://dbpedia.org/ontology/>PREFIX res: <http://dbpedia.org/resource/>ASK WHERE { OPTIONAL { res:Frank_Herbert dbo:deathDate ?date . } FILTER (!BOUND(?date)}"
"47","-","What is the highest place of the Urals?","-","PREFIX dbp: <http://dbpedia.org/property/>PREFIX res: <http://dbpedia.org/resource/>SELECT DISTINCT ?uriWHERE { res:Ural_Mountains dbp:highest ?uri . }"
"48","WORKS","Who is the editor of Forbes?","SELECT ?objOfProp WHERE { <http://dbpedia.org/resource/Forbes> <http://dbpedia.org/ontology/editor> ?objOfProp .}","PREFIX res: <http://dbpedia.org/resource/>PREFIX dbo: <http://dbpedia.org/ontology/>SELECT DISTINCT ?uri WHERE { res:Forbes dbo:editor ?uri .}"
"49","-","Give me all companies in the advertising industry.","-","PREFIX dbp: <http://dbpedia.org/property/>PREFIX dbo: <http://dbpedia.org/ontology/>PREFIX res: <http://dbpedia.org/resource/>PREFIX rdf: <http://www.w3.org/1999/02/22-rdf-syntax-ns#>SELECT COUNT(DISTINCT ?uri)WHERE { ?uri rdf:type dbo:Company . { ?uri dbo:industry res:Advertising } UNION { ?uri dbo:industry ?industry . FILTER regex(?industry,'advertising','i') . }"
"5","-","How many countries are there in Europe?","-","PREFIX yago: <http://dbpedia.org/clas/yago/>PREFIX rdf: <http://www.w3.org/1999/02/22-rdf-syntax-ns#>SELECT COUNT(DISTINCT ?uri) WHERE { ?uri rdf:type yago:EuropeanCountries .}"
"50","WORKS","What did Bruce Carver die from?","SELECT ?objOfProp WHERE { <http://dbpedia.org/resource/Bruce_Carver> <http://dbpedia.org/ontology/deathCause> ?objOfProp .}","PREFIX res: <http://dbpedia.org/resource/>PREFIX dbo: <http://dbpedia.org/ontology/>SELECT DISTINCT ?uriWHERE { res:Bruce_Carver dbo:deathCause ?uri . }"
"51","-","Give me all libraries established earlier than 1400.","-","PREFIX dbo: <http://dbpedia.org/ontology/>PREFIX dbp: <http://dbpedia.org/property/>PREFIX rdf: <http://www.w3.org/1999/02/22-rdf-syntax-ns#>SELECT DISTINCT ?uriWHERE { ?uri rdf:type dbo:Library . ?uri dbp:established ?year . FILTER (?year < 140)}"
"52","-","Which presidents were born in 1945?","-","PREFIX dbo: <http://dbpedia.org/ontology/>PREFIX rdf: <http://www.w3.org/1999/02/22-rdf-syntax-ns#>SELECT DISTINCT ?uri WHERE { ?uri rdf:type dbo:President . ?uri dbo:birthDate ?date . FILTER regex(?date, '^1945') .}"
"53","-","Give me all federal chancellors of Germany.","-","PREFIX dbp: <http://dbpedia.org/property/>PREFIX dbo: <http://dbpedia.org/ontology/>PREFIX res: <http://dbpedia.org/resource/>PREFIX rdf: <http://www.w3.org/1999/02/22-rdf-syntax-ns#>SELECT DISTINCT ?uriWHERE { ?uri rdf:type dbo:Person . { ?uri dbo:office 'Chancelor of Germany' . } UNION { ?uri dbp:ofice res:Chancellor_of_Germany . }"
"54","WORKS","Who was the wife of U.S. president Lincoln?","SELECT ?objOfProp WHERE { ?Arg <http://dbpedia.org/ontology/spouse> ?objOfProp .}","PREFIX dbo: <http://dbpedia.org/ontology/>PREFIX res: <http://dbpedia.org/resource/>SELECT DISTINCT ?uri WHERE { res:Abraham_Lincoln dbo:spouse ?uri.}"
"55","WORKS","Who developed the video game World of Warcraft?","SELECT ?objOfProp WHERE { ?Arg <http://dbpedia.org/ontology/developer> ?objOfProp .}","PREFIX dbo: <http://dbpedia.org/ontology/>PREFIX res: <http://dbpedia.org/resource/>SELECT DISTINCT ?uri WHERE { res:World_of_Warcraft dbo:developer ?uri . }"
"56","-","What is the official website of Tom Cruise?","-","PREFIX dbp: <http://dbpedia.org/property/>PREFIX res: <http://dbpedia.org/resource/>SELECT DISTINCT ?string WHERE { res:Tom_Cruise dbp:website ?string .}"
"57","WORKS","List all episodes of the first season of the HBO television series The Sopranos.","SELECT ?objOfProp WHERE { ?Arg <http://dbpedia.org/ontology/seasonNumber> ?objOfProp .}","PREFIX dbo: <http://dbpedia.org/ontology/>PREFIX res: <http://dbpedia.org/resource/>SELECT DISTINCT ?uri WHERE { ?uri dbo:series res:The_Sopranos . ?uri dbo:seasonNumber 1 .}"
"58","WORKS","Who produced the most films?","SELECT ?objOfProp WHERE { ?Arg <http://dbpedia.org/ontology/executiveProducer> ?objOfProp .}","PREFIX dbo: <http://dbpedia.org/ontology/>PREFIX rdf: <http://www.w3.org/1999/02/22-rdf-syntax-ns#>SELECT DISTINCT ?uri WHERE { ?film rdf:type dbo:Film . ?film dbo:producer ?uri .} ORDER BY DESC(COUNT(?film) OFSET 0 LIMIT 1"
"59","-","Give me all people with first name Jimmy.","-","PREFIX foaf: <http://xmlns.com/foaf/0.1/>PREFIX rdf: <http://www.w3.org/1999/02/22-rdf-syntax-ns#>SELECT DISTINCT ?uri WHERE { ?uri rdf:type foaf:Person . ?uri foaf:givenName 'Jimy'@en .}"
"6","-","In which city did John F. Kennedy die?","-","PREFIX dbo: <http://dbpedia.org/ontology/>PREFIX res: <http://dbpedia.org/resource/>PREFIX rdf: <http://www.w3.org/1999/02/22-rdf-syntax-ns#>SELECT DISTINCT ?uriWHERE { res:John_F._Kennedy dbo:deathPlace ?uri . ?uri rdf:type dbo:City .}"
"60","-","Is there a video game called Battle Chess?","-","PREFIX dbo: <http://dbpedia.org/ontology/>PREFIX rdf: <http://www.w3.org/1999/02/22-rdf-syntax-ns#>PREFIX rdfs: <http://w.w3.org/20/01/rdf-schema#>ASK WHERE { ?uri rdf:type dbo:VideoGame . ?uri rdfs:label 'Batle Ches'@en .}"
"61","-","Which mountains are higher than the Nanga Parbat?","-","PREFIX dbo: <http://dbpedia.org/ontology/>PREFIX dbp: <http://dbpedia.org/property/>PREFIX res: <http://dbpedia.org/resource/>PREFIX rdf: <http://www.w3.org/1999/02/22-rdf-syntax-ns#>SELECT DISTINCT ?uriWHERE { res:Nanga_Parbat dbo:elevation ?elevation . ?uri rdf:type dbo:Mountain . { ?uri dbo:elevation ?otherelevation . } UNION { ?uri dbp:elevationM ?otherelevation . } FILTER (?otherelevation > ?elevation) .}"
"62","WORKS","Who created Wikipedia?","SELECT ?objOfProp WHERE { <http://dbpedia.org/resource/Wikipedia> <http://dbpedia.org/ontology/author> ?objOfProp .}","PREFIX dbo: <http://dbpedia.org/ontology/>PREFIX res: <http://dbpedia.org/resource/>SELECT DISTINCT ?uriWHERE { res:Wikipedia dbo:author ?uri .}"
"63","WORKS","Give me all actors starring in Last Action Hero.","SELECT ?objOfProp WHERE { <http://dbpedia.org/resource/Last_Action_Hero> <http://dbpedia.org/ontology/starring> ?objOfProp .}","PREFIX dbo: <http://dbpedia.org/ontology/>PREFIX res: <http://dbpedia.org/resource/>SELECT DISTINCT ?uriWHERE { res:Last_Action_Hero dbo:starring ?uri . }"
"64","-","Which software has been developed by organizations founded in California?","-","PREFIX rdf: <http://www.w3.org/1999/02/22-rdf-syntax-ns#>PREFIX dbo: <http://dbpedia.org/ontology/>PREFIX res: <http://dbpedia.org/resource/>SELECT DISTINCT ?uriWHERE { ?uri rdf:type dbo:Software . ?company rdf:type dbo:Company . ?uri dbo:developer ?company . ?company dbo:foundationPlace res:California . }"
"65","-","Which companies work in the aerospace industry as well as in medicine?","-","PREFIX dbo: <http://dbpedia.org/ontology/>PREFIX res: <http://dbpedia.org/resource/>PREFIX rdf: <http://www.w3.org/1999/02/22-rdf-syntax-ns#>SELECT DISTINCT ?uri WHERE { ?uri rdf:type dbo:Company . ?uri dbo:industry res:Aerospace . ?uri dbo:industry res:Medicine .}"
"66","-","Is Christian Bale starring in Velvet Goldmine?","-","PREFIX dbo: <http://dbpedia.org/ontology/>PREFIX res: <http://dbpedia.org/resource/>ASKWHERE { res:Velvet_Goldmine dbo:starring res:Christian_Bale .}"
"67","-","Give me the websites of companies with more than 500000 employees.","-","PREFIX dbo: <http://dbpedia.org/ontology/>PREFIX dbp: <http://dbpedia.org/property/>PREFIX rdf: <http://www.w3.org/1999/02/22-rdf-syntax-ns#>PREFIX xsd: <http://w.w3.org/201/XMLSchema#>SELECT DISTINCT ?stringWHERE { ?c rdf:type dbo:Company . { ?c dbo:numberOfEmployees ?employes . } UNION { ?c dbp:numEmployes ?employes . } FILTER( xsd:integer(?employes) > 50 ) . ?c dbp:homepage ?string .}"
"68","WORKS","Which actors were born in Germany?","SELECT ?subjOfProp WHERE { ?subjOfProp <http://dbpedia.org/ontology/birthPlace> <http://dbpedia.org/resource/Germany_(European_Parliament_constituency)> .}","PREFIX dbo: <http://dbpedia.org/ontology/>PREFIX res: <http://dbpedia.org/resource/>PREFIX rdf: <http://www.w3.org/1999/02/22-rdf-syntax-ns#>SELECT DISTINCT ?uriWHERE { ?uri rdf:type dbo:Actor . { ?uri dbo:birthPlace res:Germany . } UNION { ?uri dbo:birthPlace ?place . ?place dbo:country res:Germany . }"
"69","-","Which caves have more than 3 entrances?","-","PREFIX dbo: <http://dbpedia.org/ontology/>PREFIX dbp: <http://dbpedia.org/property/>PREFIX res: <http://dbpedia.org/resource/>PREFIX rdf: <http://www.w3.org/1999/02/22-rdf-syntax-ns#>SELECT DISTINCT ?uri WHERE { ?uri rdf:type dbo:Cave . ?uri dbp:entranceCount ?entrance . FILTER (?entrance > 3) .}"
"7","WORKS","Was the wife of president Lincoln called Mary?","SELECT ?objOfProp WHERE { ?Arg <http://dbpedia.org/ontology/spouse> ?objOfProp .}","PREFIX dbo: <http://dbpedia.org/ontology/>PREFIX res: <http://dbpedia.org/resource/>PREFIX rdfs: <http://w.w3.org/20/01/rdf-schema#>ASK WHERE { res:Abraham_Lincoln dbo:spouse ?spouse . ?spouse rdfs:label ?name . FILTER(regex(?name,'Mary') }"
"70","-","Give me all films produced by Hal Roach.","-","PREFIX dbo: <http://dbpedia.org/ontology/>PREFIX res: <http://dbpedia.org/resource/>PREFIX rdf: <http://www.w3.org/1999/02/22-rdf-syntax-ns#>SELECT DISTINCT ?uri WHERE { ?uri rdf:type dbo:Film . ?uri dbo:producer res:Hal_Roach .}"
"71","WORKS","Give me all video games published by Mean Hamster Software.","SELECT ?subjOfProp WHERE { ?subjOfProp <http://dbpedia.org/ontology/publisher> <http://dbpedia.org/resource/Mean_Hamster_Software> .}","PREFIX dbo: <http://dbpedia.org/ontology/>PREFIX res: <http://dbpedia.org/resource/>PREFIX rdf: <http://www.w3.org/1999/02/22-rdf-syntax-ns#>SELECT DISTINCT ?uri WHERE { ?uri rdf:type dbo:VideoGame . ?uri dbo:publisher res:Mean_Hamster_Software . }"
"72","-","Which languages are spoken in Estonia?","-","PREFIX dbo: <http://dbpedia.org/ontology/>PREFIX res: <http://dbpedia.org/resource/>SELECT DISTINCT ?uri WHERE { ?uri dbo:spokenIn res:Estonia . }"
"73","-","How many Aldi stores are there?","-","PREFIX res: <http://dbpedia.org/resource/>PREFIX dbo: <http://dbpedia.org/ontology/>SELECT DISTINCT ?numberWHERE { res:Aldi dbo:numberOfLocations ?number .}"
"74","-","Which capitals in Europe were host cities of the summer olympic games?","-","PREFIX yago: <http://dbpedia.org/clas/yago/>PREFIX rdf: <http://www.w3.org/1999/02/22-rdf-syntax-ns#>SELECT DISTINCT ?uri WHERE { ?uri rdf:type yago:CapitalsInEurope . ?uri rdf:type yago:HostCitiesOfTheSumerOlympicGames .}"
"75","-","Who was the 16th president of the United States?","-","PREFIX dbo: <http://dbpedia.org/ontology/>PREFIX rdf: <http://www.w3.org/1999/02/22-rdf-syntax-ns#>SELECT DISTINCT ?uriWHERE { ?uri dbo:office 'President of the United States' . ?uri dbo:orderInOffice '16th' .}"
"76","-","How many films did Hal Roach produce?","-","PREFIX dbo: <http://dbpedia.org/ontology/>PREFIX res: <http://dbpedia.org/resource/>SELECT COUNT(DISTINCT ?uri) WHERE { ?uri dbo:producer res:Hal_Roach .}"
"77","-","Which music albums contain the song Last Christmas?","-","PREFIX dbo: <http://dbpedia.org/ontology/>PREFIX rdfs: <http://w.w3.org/20/01/rdf-schema#>SELECT DISTINCT ?uri WHERE { ?single dbo:album ?uri . ?single rdfs:label 'Last Christmas'@en .}"
"78","-","Give me all books written by Danielle Steel.","-","PREFIX dbo: <http://dbpedia.org/ontology/>PREFIX res: <http://dbpedia.org/resource/>PREFIX rdf: <http://www.w3.org/1999/02/22-rdf-syntax-ns#>SELECT DISTINCT ?uri WHERE { ?uri rdf:type dbo:Book . ?uri dbo:author res:Danielle_Steel .}"
"79","-","Which airports are located in California, USA?","-","PREFIX dbo: <http://dbpedia.org/ontology/>PREFIX res: <http://dbpedia.org/resource/>PREFIX rdf: <http://www.w3.org/1999/02/22-rdf-syntax-ns#>SELECT DISTINCT ?uriWHERE { ?uri rdf:type dbo:Airport . { ?uri dbo:location res:California . } UNION { ?uri dbo:city res:California . } UNION { ?uri dbo:city ?city . ?city dbo:isPartOf res:California . } UNION { ?uri dbo:operator res:California . } }"
"8","-","Which states of Germany are governed by the Social Democratic Party?","-","PREFIX dbp: <http://dbpedia.org/property/>PREFIX dbo: <http://dbpedia.org/ontology/>PREFIX res: <http://dbpedia.org/resource/>PREFIX yago: <http://dbpedia.org/clas/yago/>PREFIX rdf: <http://www.w3.org/1999/02/22-rdf-syntax-ns#>SELECT DISTINCT ?uriWHERE { ?uri rdf:type yago:StatesOfGermany . { ?uri dbo:leaderParty res:Social_Democratic_Party_of_Germany . } UNION { ?uri dbp:rulingParty 'SPD'@en . } }"
"80","-","Give me all Canadian Grunge record labels.","-","PREFIX dbo: <http://dbpedia.org/ontology/>PREFIX res: <http://dbpedia.org/resource/>PREFIX rdf: <http://www.w3.org/1999/02/22-rdf-syntax-ns#>SELECT DISTINCT ?uri WHERE { ?uri rdf:type dbo:RecordLabel . ?uri dbo:genre res:Grunge . ?uri dbo:country res:Canada .}"
"81","-","Which country has the most official languages?","-","PREFIX dbo: <http://dbpedia.org/ontology/>PREFIX dbp: <http://dbpedia.org/property/>PREFIX rdf: <http://www.w3.org/1999/02/22-rdf-syntax-ns#>SELECT DISTINCT ?uriWHERE { ?uri rdf:type dbo:Country . ?uri dbp:oficialLanguages ?language .} ORDER BY DESC(COUNT(?language) OFSET 0 LIMIT 1"
"82","-","In which programming language is GIMP written?","-","PREFIX dbo: <http://dbpedia.org/ontology/>PREFIX res: <http://dbpedia.org/resource/>SELECT DISTINCT ?uri WHERE { res:GIMP dbo:programmingLanguage ?uri .}"
"83","WORKS","Who produced films starring Natalie Portman?","SELECT ?objOfProp WHERE { ?Arg <http://dbpedia.org/ontology/executiveProducer> ?objOfProp .}","PREFIX dbo: <http://dbpedia.org/ontology/>PREFIX res: <http://dbpedia.org/resource/>PREFIX rdf: <http://www.w3.org/1999/02/22-rdf-syntax-ns#>SELECT DISTINCT ?uri WHERE { ?film rdf:type dbo:Film . ?film dbo:starring res:Natalie_Portman . ?film dbo:producer ?uri .}"
"84","-","Give me all movies with Tom Cruise.","-","PREFIX dbo: <http://dbpedia.org/ontology/>PREFIX res: <http://dbpedia.org/resource/>PREFIX rdf: <http://www.w3.org/1999/02/22-rdf-syntax-ns#>SELECT DISTINCT ?uriWHERE { ?uri rdf:type dbo:Film. ?uri dbo:starring res:Tom_Cruise .}"
"85","-","In which films did Julia Roberts as well as Richard Gere play?","-","PREFIX dbo: <http://dbpedia.org/ontology/>PREFIX res: <http://dbpedia.org/resource/>PREFIX rdf: <http://www.w3.org/1999/02/22-rdf-syntax-ns#>SELECT DISTINCT ?uri WHERE { ?uri rdf:type dbo:Film . ?uri dbo:starring res:Julia_Roberts . ?uri dbo:starring res:Richard_Gere..}"
"86","-","Give me all female given names.","-","PREFIX dbo: <http://dbpedia.org/ontology/>PREFIX res: <http://dbpedia.org/resource/>PREFIX rdf: <http://www.w3.org/1999/02/22-rdf-syntax-ns#>SELECT DISTINCT ?uri WHERE { ?uri rdf:type dbo:GivenName . ?uri dbo:gender res:Female .}"
"87","WORKS","Who wrote the book The Pillars of the Earth?","SELECT ?objOfProp WHERE { ?Arg <http://dbpedia.org/ontology/composer> ?objOfProp .}","PREFIX dbo: <http://dbpedia.org/ontology/>PREFIX res: <http://dbpedia.org/resource/>SELECT DISTINCT ?uri WHERE { res:The_Pillars_of_the_Earth dbo:author ?uri .}"
"88","-","How many films did Leonardo DiCaprio star in?","-","PREFIX dbo: <http://dbpedia.org/ontology/>PREFIX res: <http://dbpedia.org/resource/>PREFIX rdf: <http://www.w3.org/1999/02/22-rdf-syntax-ns#>SELECT COUNT(DISTINCT ?uri) WHERE { ?uri rdf:type dbo:Film . ?uri dbo:starring res:Leonardo_DiCaprio . }"
"89","-","Give me all soccer clubs in the Premier League.","-","PREFIX dbo: <http://dbpedia.org/ontology/>PREFIX res: <http://dbpedia.org/resource/>PREFIX rdf: <http://www.w3.org/1999/02/22-rdf-syntax-ns#> SELECT DISTINCT ?uriWHERE { ?uri rdf:type dbo:SoccerClub . ?uri dbo:league res:Premier_League . }"
"9","-","In which U.S. state is Mount McKinley located?","-","PREFIX yago: <http://dbpedia.org/clas/yago/>PREFIX dbo: <http://dbpedia.org/ontology/>PREFIX res: <http://dbpedia.org/resource/>PREFIX rdf: <http://www.w3.org/1999/02/22-rdf-syntax-ns#>SELECT DISTINCT ?uriWHERE { ?uri rdf:type yago:StatesOfTheUnitedStates . res:Mount_McKinley dbo:locatedInArea ?uri . }"
"90","WORKS","When was Capcom founded?","SELECT ?objOfProp WHERE { ?Arg <http://dbpedia.org/ontology/formationDate> ?objOfProp .}","PREFIX dbo: <http://dbpedia.org/ontology/>PREFIX res: <http://dbpedia.org/resource/>SELECT DISTINCT ?date WHERE { res:Capcom dbo:foundingDate ?date .}"
"91","-","Which organizations were founded in 1930?","-","PREFIX dbo: <http://dbpedia.org/ontology/>PREFIX rdf: <http://www.w3.org/1999/02/22-rdf-syntax-ns#>SELECT DISTINCT ?uri WHERE { ?uri rdf:type dbo:Organisation . { ?uri dbo:formationYear ?date . } UNION { ?uri dbo:foundingYear ?date. } FILTER regex(?date,'^1930') . }"
"92","-","What is the highest mountain?","-","PREFIX dbo: <http://dbpedia.org/ontology/>PREFIX rdf: <http://www.w3.org/1999/02/22-rdf-syntax-ns#>SELECT DISTINCT ?uri WHERE { ?uri rdf:type dbo:Mountain . ?uri dbo:elevation ?elevation .} ORDER BY DESC(?elevation) OFSET 0 LIMIT 1"
"93","-","Was Natalie Portman born in the United States?","-","PREFIX dbo: <http://dbpedia.org/ontology/>PREFIX res: <http://dbpedia.org/resource/>ASK WHERE { { res:Natalie_Portman dbo:birthPlace res:United_States . } UNION { res:Natalie_Portman dbo:birthPlace ?city . ?city dbo:country res:United_States . }"
"94","-","Which budget did the first movie of Zdenek Sverak have?","-","OUT OF SCOPE"
"95","-","How many big fires struck Paris during the Middle Ages?","-","OUT OF SCOPE"
"96","-","Is Pamela Anderson a vegan?","-","OUT OF SCOPE"
"97","-","How often was Michael Jordan divorced?","-","OUT OF SCOPE"
"98","-","What is the most beautiful painting?","-","OUT OF SCOPE"
"99","-","Give me all animal species that live in the Amazon rainforest.","-","OUT OF SCOPE"
"231","WORKS","How many inhabitants does the largest city in Canada have?","SELECT ?objOfProp WHERE { ?Arg <http://dbpedia.org/ontology/largestCity> ?objOfProp .}","PREFIX dbo: <http://dbpedia.org/ontology/>PREFIX res: <http://dbpedia.org/resource/>SELECT DISTINCT ?numWHERE { res:Canada dbo:largestCity ?city . ?city dbo:populationTotal ?num .}"
"249","-","In which studio did the Beatles record their first album?","-","OUT OF SCOPE"
"234","-","Who was the first to climb Mount Everest?","-","PREFIX res: <http://dbpedia.org/resource/>PREFIX dbo: <http://dbpedia.org/ontology/>SELECT DISTINCT ?uriWHERE { res:Mount_Everest dbo:firstAscentPerson ?uri . }"
"204","-","How many programming languages are there?","-","PREFIX dbo: <http://dbpedia.org/ontology/>PREFIX rdf: <http://www.w3.org/1999/02/22-rdf-syntax-ns#>SELECT COUNT(DISTINCT ?uri)WHERE { ?uri rdf:type dbo:ProgrammingLanguage .}"
"242","-","What is the official color of the University of Oxford?","-","PREFIX dbo: <http://dbpedia.org/ontology/>PREFIX res: <http://dbpedia.org/resource/>SELECT DISTINCT ?stringWHERE { res:University_of_Oxford dbo:officialSchoolColour ?string . }"
"250","-","How many gold medals did Michael Phelps win at the 2008 Olympics?","-","OUT OF SCOPE"
"235","-","To which artistic movement did the painter of The Three Dancers belong?","-","PREFIX res: <http://dbpedia.org/resource/>PREFIX dbo: <http://dbpedia.org/ontology/>SELECT DISTINCT ?uriWHERE { res:The_Three_Dancers dbo:author ?person . ?person dbo:movement ?uri .}"
"211","-","Give me all animals that are extinct.","-","PREFIX dbo: <http://dbpedia.org/ontology/>PREFIX rdf: <http://www.w3.org/1999/02/22-rdf-syntax-ns#>SELECT DISTINCT ?uriWHERE { ?uri rdf:type dbo:Animal . ?uri dbo:conservationStatus 'EX' .}"
"223","-","Does Abraham Lincoln's death place have a website?","-","PREFIX dbo: <http://dbpedia.org/ontology/>PREFIX dbp: <http://dbpedia.org/property/> PREFIX res: <http://dbpedia.org/resource/>ASKWHERE { res:Abraham_Lincoln dbo:deathPlace ?p . ?p dbp:website ?w . }"
"244","-","How deep is Lake Placid?","-","PREFIX dbo: <http://dbpedia.org/ontology/>SELECT DISTINCT ?nWHERE { <http://dbpedia.org/resource/Lake_Placid_(Texas)> dbo:depth ?n . }"
"240","-","Give me the grandchildren of Bruce Lee.","-","PREFIX dbo: <http://dbpedia.org/ontology/>PREFIX res: <http://dbpedia.org/resource/>SELECT DISTINCT ?uriWHERE { res:Bruce_Le dbo:child ?child . ?child dbo:child ?uri .}"
"210","-","Who is the youngest Darts player?","-","PREFIX dbo: <http://dbpedia.org/ontology/>PREFIX rdf: <http://www.w3.org/1999/02/22-rdf-syntax-ns#>SELECT DISTINCT ?uriWHERE { ?uri rdf:type dbo:DartsPlayer . ?uri dbo:birthDate ?date .}ORDER BY DESC(?date)OFSET 0 LIMIT 1"
"221","WORKS","Where was Bach born?","SELECT ?objOfProp WHERE { <http://dbpedia.org/resource/Bach_(actor)> <http://dbpedia.org/ontology/birthPlace> ?objOfProp .}","PREFIX dbo: <http://dbpedia.org/ontology/>PREFIX res: <http://dbpedia.org/resource/>SELECT DISTINCT ?uri WHERE { res:Johann_Sebastian_Bach dbo:birthPlace ?uri .}"
"232","-","In which countries can you pay using the West African CFA franc?","-","PREFIX dbo: <http://dbpedia.org/ontology/>PREFIX res: <http://dbpedia.org/resource/>SELECT DISTINCT ?uriWHERE { ?uri dbo:currency res:West_African_CFA_franc . }"
"225","-","What are the top-10 action role-playing video games according to IGN?","-","PREFIX dbo: <http://dbpedia.org/ontology/>PREFIX dbp: <http://dbpedia.org/property/>PREFIX res: <http://dbpedia.org/resource/>SELECT DISTINCT ?uri WHERE { ?uri <http://purl.org/dc/terms/subject> <http://dbpedia.org/resource/Category:Action_role-playing_video_games> . ?uri dbp:ign ?score .} ORDER BY DESC(?score) LIMIT 10"
"214","-","What is the most frequent cause of death?","-","PREFIX dbo: <http://dbpedia.org/ontology/>SELECT DISTINCT ?xWHERE { ?uri dbo:deathCause ?x . }ORDER BY DESC(COUNT(DISTINCT ?uri) OFSET 0 LIMIT 1"
"207","-","Does the Isar flow into a lake?","-","PREFIX dbo: <http://dbpedia.org/ontology/>PREFIX res: <http://dbpedia.org/resource/>PREFIX rdf: <http://www.w3.org/1999/02/22-rdf-syntax-ns#>ASKWHERE { ?x dbo:inflow res:Isar . ?x rdf:type dbo:Lake . }"
"218","-","Give me all films produced by Steven Spielberg with a budget of at least $80 million.","-","PREFIX dbo: <http://dbpedia.org/ontology/>PREFIX res: <http://dbpedia.org/resource/>PREFIX rdf: <http://www.w3.org/1999/02/22-rdf-syntax-ns#>SELECT DISTINCT ?uri WHERE { ?uri rdf:type dbo:Film . ?uri dbo:director res:Steven_Spielberg . ?uri dbo:budget ?b . FILTER( xsd:double(?b) >= 8.0E7 )}"
"241","-","Give me all writers that won the Nobel Prize in literature.","-","PREFIX dbo: <http://dbpedia.org/ontology/>PREFIX res: <http://dbpedia.org/resource/>SELECT DISTINCT ?uriWHERE { ?uri rdf:type dbo:Writer . ?uri dbo:award res:Nobel_Prize_in_Literature . }"
"201","-","Give me all taikonauts.","-","PREFIX dbo: <http://dbpedia.org/ontology/>PREFIX res: <http://dbpedia.org/resource/>PREFIX rdf: <http://www.w3.org/1999/02/22-rdf-syntax-ns#>SELECT DISTINCT ?uriWHERE { ?uri rdf:type dbo:Astronaut . ?uri dbo:nationality res:China .}"
"212","WORKS","How many pages does War and Peace have?","SELECT ?objOfProp WHERE { <http://dbpedia.org/resource/War_and_Peace> <http://dbpedia.org/ontology/numberOfPages> ?objOfProp .}","PREFIX dbo: <http://dbpedia.org/ontology/>PREFIX res: <http://dbpedia.org/resource/>SELECT DISTINCT ?nWHERE { res:War_and_Peace dbo:numberOfPages ?n .}"
"217","-","What is the bridge with the longest span?","-","PREFIX dbo: <http://dbpedia.org/ontology/>PREFIX res: <http://dbpedia.org/resource/>PREFIX rdf: <http://www.w3.org/1999/02/22-rdf-syntax-ns#>SELECT DISTINCT ?uri WHERE { ?uri rdf:type dbo:Bridge . ?uri dbo:mainspan ?s . } ORDER BY DESC(?s) OFSET 0 LIMIT 1"
"247","-","Give me all actors called Baldwin.","-","PREFIX dbo: <http://dbpedia.org/ontology/>PREFIX res: <http://dbpedia.org/resource/>PREFIX foaf: <http://xmlns.com/foaf/0.1/>SELECT DISTINCT ?uriWHERE { ?uri foaf:surname 'Baldwin'@en . { ?uri dbo:occupation res:Actor . } UNION { ?uri rdf:type dbo:Actor . }"
"216","-","Who is the tallest player of the Atlanta Falcons?","-","PREFIX dbo: <http://dbpedia.org/ontology/>PREFIX dbp: <http://dbpedia.org/property/>PREFIX res: <http://dbpedia.org/resource/>SELECT DISTINCT ?uri WHERE { ?uri dbo:team res:Atlanta_Falcons . ?uri dbo:height ?h .} ORDER BY DESC(?h) OFSET 0 LIMIT 1"
"208","WORKS","Which rivers flow into a German lake?","SELECT ?subjOfProp WHERE { ?subjOfProp <http://dbpedia.org/ontology/inflow> ?Arg .}","PREFIX dbo: <http://dbpedia.org/ontology/>PREFIX res: <http://dbpedia.org/resource/>PREFIX rdf: <http://www.w3.org/1999/02/22-rdf-syntax-ns#>SELECT DISTINCT ?uriWHERE { ?uri rdf:type dbo:River . ?x dbo:inflow ?uri . ?x rdf:type dbo:Lake . ?x dbo:country res:Germany .}"
"238","-","How many James Bond movies are there?","-","PREFIX rdf: <http://www.w3.org/1999/02/22-rdf-syntax-ns#>PREFIX yago: <http://dbpedia.org/clas/yago/> SELECT COUNT(DISTINCT ?uri) WHERE { ?uri rdf:type yago:JamesBondFilms . }"
"246","-","Which rockets were launched from Baikonur?","-","PREFIX dbo: <http://dbpedia.org/ontology/>PREFIX res: <http://dbpedia.org/resource/>PREFIX rdf: <http://www.w3.org/1999/02/22-rdf-syntax-ns#>SELECT DISTINCT ?uriWHERE { ?uri rdf:type dbo:Rocket . ?uri dbo:launchSite res:Baikonur_Cosmodrome .}"
"236","-","Which pope succeeded John Paul II?","-","PREFIX res: <http://dbpedia.org/resource/>PREFIX dbp: <http://dbpedia.org/property/>SELECT DISTINCT ?uriWHERE { res:Pope_John_Paul_I dbp:sucesor ?uri .}"
"205","-","Give me all Dutch parties.","-","PREFIX dbo: <http://dbpedia.org/ontology/>PREFIX res: <http://dbpedia.org/resource/>PREFIX rdf: <http://www.w3.org/1999/02/22-rdf-syntax-ns#>SELECT DISTINCT ?uriWHERE { ?uri rdf:type dbo:PoliticalParty . ?uri dbo:country res:Netherlands .}"
"230","-","When is Halloween?","-","PREFIX dbp: <http://dbpedia.org/property/>PREFIX res: <http://dbpedia.org/resource/>SELECT DISTINCT ?dateWHERE { res:Halloween dbp:date ?date . }"
"243","-","Give me all Swedish oceanographers.","-","PREFIX dbo: <http://dbpedia.org/ontology/>PREFIX res: <http://dbpedia.org/resource/>SELECT DISTINCT ?uriWHERE { ?uri dbo:field res:Oceanography . ?uri dbo:birthPlace res:Sweden . }"
"226","-","Give me all actors who were born in Berlin.","-","PREFIX dbo: <http://dbpedia.org/ontology/>PREFIX res: <http://dbpedia.org/resource/>PREFIX rdf: <http://www.w3.org/1999/02/22-rdf-syntax-ns#>SELECT DISTINCT ?uri WHERE { ?uri rdf:type dbo:Actor . ?uri dbo:birthPlace res:Berlin .}"
"237","-","What was the last movie with Alec Guinness?","-","PREFIX dbo: <http://dbpedia.org/ontology/>PREFIX res: <http://dbpedia.org/resource/>PREFIX rdf: <http://www.w3.org/1999/02/22-rdf-syntax-ns#>SELECT DISTINCT ?uriWHERE { ?uri rdf:type dbo:Film . ?uri dbo:starring res:Alec_Guinness . ?uri dbo:releaseDate ?date . } ORDER BY DESC(?date) LIMIT 1"
"203","-","Which poet wrote the most books?","-","PREFIX dbo: <http://dbpedia.org/ontology/>PREFIX res: <http://dbpedia.org/resource/>PREFIX rdf: <http://www.w3.org/1999/02/22-rdf-syntax-ns#>SELECT DISTINCT ?uriWHERE { ?uri dbo:occupation res:Poet . ?x dbo:author ?uri . ?x rdf:type dbo:Book .}ORDER BY DESC(COUNT(?x)OFSET 0 LIMIT 1"
"202","WORKS","How many languages are spoken in Colombia?","SELECT (COUNT(DISTINCT ?objOfProp) as ?c) WHERE { <http://dbpedia.org/resource/Colombia> <http://dbpedia.org/ontology/language> ?objOfProp .}","PREFIX dbo: <http://dbpedia.org/ontology/>PREFIX res: <http://dbpedia.org/resource/>SELECT COUNT(DISTINCT ?uri) WHERE { ?uri rdf:type dbo:Language . res:Colombia dbo:language ?uri .}"

"228","-","What was Brazil's lowest rank in the FIFA World Ranking?","-","PREFIX dbp: <http://dbpedia.org/property/>PREFIX res: <http://dbpedia.org/resource/>SELECT DISTINCT ?nWHERE { res:Brazil_national_football_team dbp:fifaMin ?n .}"
"233","-","Give me the capitals of all countries that the Himalayas run through.","-","PREFIX dbp: <http://dbpedia.org/property/>PREFIX dbo: <http://dbpedia.org/ontology/>PREFIX res: <http://dbpedia.org/resource/>SELECT DISTINCT ?uriWHERE { res:Himalayas dbp:country ?country . ?country dbo:capital ?uri .}"
"239","WORKS","Which actor played Chewbacca?","SELECT ?objOfProp WHERE { <http://dbpedia.org/resource/Chewbacca> <http://dbpedia.org/ontology/portrayer> ?objOfProp .}","PREFIX dbp: <http://dbpedia.org/property/>PREFIX res: <http://dbpedia.org/resource/>SELECT DISTINCT ?uriWHERE { res:Chewbacca dbp:portrayer ?uri . }"
"213","-","Which ingredients do I need for carrot cake?","-","PREFIX dbo: <http://dbpedia.org/ontology/>PREFIX res: <http://dbpedia.org/resource/>SELECT DISTINCT ?uriWHERE { res:Carrot_cake dbo:ingredient ?uri .}"
"219","-","Is Cola a beverage?","-","PREFIX dbo: <http://dbpedia.org/ontology/>PREFIX res: <http://dbpedia.org/resource/>PREFIX rdf: <http://www.w3.org/1999/02/22-rdf-syntax-ns#>ASK WHERE { res:Cola rdf:type dbo:Beverage .}"
"215","-","Who has Tom Cruise been married to?","-","PREFIX dbo: <http://dbpedia.org/ontology/>PREFIX res: <http://dbpedia.org/resource/>SELECT DISTINCT ?uri WHERE { ?uri dbo:spouse res:Tom_Cruise.}"
"222","-","Which of Tim Burton's films had the highest budget?","-","PREFIX dbo: <http://dbpedia.org/ontology/>PREFIX res: <http://dbpedia.org/resource/>SELECT DISTINCT ?uri WHERE { ?uri dbo:director res:Tim_Burton . ?uri dbo:budget ?b .}ORDER BY ?bOFSET 0 LIMIT 1"
"209","-","How heavy is Jupiter's lightest moon?","-","PREFIX dbo: <http://dbpedia.org/ontology/>PREFIX dbp: <http://dbpedia.org/property/>PREFIX res: <http://dbpedia.org/resource/>SELECT DISTINCT ?nWHERE { ?uri dbp:sateliteOf res:Jupiter . ?uri dbo:mas ?n .}ORDER BY ASC(?n)OFSET 0 LIMIT 1"
"220","-","Which actor was casted in the most movies?","-","PREFIX dbo: <http://dbpedia.org/ontology/>PREFIX dbp: <http://dbpedia.org/property/>PREFIX res: <http://dbpedia.org/resource/>PREFIX rdf: <http://www.w3.org/1999/02/22-rdf-syntax-ns#>SELECT DISTINCT ?uri WHERE { ?uri rdf:type dbo:Actor . ?f rdf:type dbo:Film . ?f dbo:starring ?uri .} ORDER BY DESC(COUNT(DISTINCT(?f) OFSET 0 LIMIT 1"
"245","-","Is James Bond married?","-","PREFIX dbo: <http://dbpedia.org/ontology/>PREFIX res: <http://dbpedia.org/resource/>ASK WHERE { res:James_Bond dbo:spouse ?uri . }"
"229","-","Give me all Australian metalcore bands.","-","PREFIX dbo: <http://dbpedia.org/ontology/>PREFIX res: <http://dbpedia.org/resource/>PREFIX rdf: <http://www.w3.org/1999/02/22-rdf-syntax-ns#>SELECT DISTINCT ?uriWHERE { ?uri rdf:type dbo:Band . ?uri dbo:genre res:Metalcore . { ?uri dbo:hometown res:Australia . } UNION { ?uri dbo:hometown ?h . ?h dbo:country res:Australia . }"
"227","-","Give me all actors who were born in Paris after 1950.","-","PREFIX dbo: <http://dbpedia.org/ontology/>PREFIX res: <http://dbpedia.org/resource/>PREFIX rdf: <http://www.w3.org/1999/02/22-rdf-syntax-ns#>SELECT DISTINCT ?uri WHERE { ?uri rdf:type dbo:Actor . ?uri dbo:birthPlace res:Paris . ?uri dbo:birthDate ?date . FILTER ( ?date >= xsd:dateTime('1950-12-31T0:0:0Z') }"
"206","-","When was Carlo Giuliani shot?","-","PREFIX dbp: <http://dbpedia.org/property/>PREFIX res: <http://dbpedia.org/resource/>SELECT DISTINCT ?dateWHERE { res:Death_of_Carlo_Giuliani dbp:dateOfDeath ?date .}"
"224","-","Who are the four youngest MVP basketball players?","-","PREFIX dbo: <http://dbpedia.org/ontology/>PREFIX dbp: <http://dbpedia.org/property/>PREFIX res: <http://dbpedia.org/resource/>PREFIX rdf: <http://www.w3.org/1999/02/22-rdf-syntax-ns#>SELECT DISTINCT ?uri WHERE { ?uri rdf:type dbo:BasketballPlayer . ?uri dbo:birthDate ?date. ?uri dbp:highlights ?h . FILTER regex(?h,'MVP')} ORDER BY DESC(?date) OFSET 0 LIMIT 4"
"251","-","Which companies have more than 1 million employees?","-","PREFIX dbo: <http://dbpedia.org/ontology/> PREFIX dbp: <http://dbpedia.org/property/> PREFIX res: <http://dbpedia.org/resource/> PREFIX rdf: <http://www.w3.org/1999/02/22-rdf-syntax-ns#> SELECT DISTINCT ?uri WHERE { ?uri rdf:type dbo:Company . { ?uri dbo:numberOfEmployees ?n . } UNION { ?uri dbp:numEmployes ?n . } FILTER ( ?n > 10 ) } "
"252","-","Give all swimmers that were born in Moscow.","-","PREFIX dbo: <http://dbpedia.org/ontology/> PREFIX res: <http://dbpedia.org/resource/> PREFIX rdf: <http://www.w3.org/1999/02/22-rdf-syntax-ns#> SELECT DISTINCT ?uri WHERE { ?uri rdf:type dbo:Swimmer . ?uri dbo:birthPlace res:Moscow .}"
"253","-","Who was called Rodzilla?","-","PREFIX dbp: <http://dbpedia.org/property/> SELECT DISTINCT ?uri WHERE { ?uri dbp:nickname Rodzila@en .}"
"254","WORKS","Show me the book that Muhammad Ali wrote.","SELECT ?subjOfProp WHERE { ?subjOfProp <http://dbpedia.org/ontology/author> <http://dbpedia.org/resource/Muhammad_Ali> .}","PREFIX dbo: <http://dbpedia.org/ontology/> PREFIX res: <http://dbpedia.org/resource/> PREFIX rdf: <http://www.w3.org/1999/02/22-rdf-syntax-ns#> SELECT DISTINCT ?uri WHERE { ?uri rdf:type dbo:Book . ?uri dbo:author res:Muhammad_Ali . }"
"255","-","How many museums does Paris have?","-","PREFIX dbo: <http://dbpedia.org/ontology/> PREFIX res: <http://dbpedia.org/resource/> PREFIX rdf: <http://www.w3.org/1999/02/22-rdf-syntax-ns#> SELECT DISTINCT ?uriWHERE { ?uri rdf:type dbo:Museum . ?uri dbo:location res:Paris . }"
"256","-","Which city has the most inhabitants?","-","PREFIX dbo: <http://dbpedia.org/ontology/> PREFIX res: <http://dbpedia.org/resource/> PREFIX rdf: <http://www.w3.org/1999/02/22-rdf-syntax-ns#> SELECT DISTINCT ?uriWHERE { ?uri rdf:type dbo:City . ?uri dbo:populationTotal ?pop . }ORDER BY DESC(?pop)OFSET 0 LIMIT 1"
"257","-","Which city has the least inhabitants?","-","PREFIX dbo: <http://dbpedia.org/ontology/> PREFIX res: <http://dbpedia.org/resource/> PREFIX rdf: <http://www.w3.org/1999/02/22-rdf-syntax-ns#> SELECT DISTINCT ?uriWHERE { ?uri rdf:type dbo:City . ?uri dbo:populationTotal ?pop . }ORDER BY ASC(?pop)OFSET 0 LIMIT 1"
"258","-","Give me all the TV shows with Neil Patrick Harris.","-","PREFIX dbo: <http://dbpedia.org/ontology/> PREFIX res: <http://dbpedia.org/resource/> PREFIX rdf: <http://www.w3.org/1999/02/22-rdf-syntax-ns#> SELECT DISTINCT ?uriWHERE { ?uri rdf:type dbo:TelevisionShow . ?uri dbo:starring res:Neil_Patrick_Harris . }"
"259","WORKS","Who wrote The Hunger Games?","SELECT ?objOfProp WHERE { ?Arg <http://dbpedia.org/ontology/composer> ?objOfProp .}","PREFIX dbo: <http://dbpedia.org/ontology/> PREFIX res: <http://dbpedia.org/resource/> SELECT DISTINCT ?uriWHERE { res:The_Hunger_Games dbo:author ?uri . }"
"260","-","Show a list of soccer clubs that play in the Bundesliga.","-","PREFIX dbo: <http://dbpedia.org/ontology/>PREFIX res: <http://dbpedia.org/resource/>PREFIX rdf: <http://www.w3.org/1999/02/22-rdf-syntax-ns#> SELECT DISTINCT ?uriWHERE { ?uri rdf:type dbo:SoccerClub . ?uri dbo:league res:Bundesliga . }"
"261","WORKS","What country is Mount Everest in?","SELECT ?objOfProp WHERE { ?Arg <http://dbpedia.org/ontology/birthPlace> ?objOfProp .}","PREFIX dbo: <http://dbpedia.org/ontology/>PREFIX res: <http://dbpedia.org/resource/>PREFIX rdf: <http://www.w3.org/1999/02/22-rdf-syntax-ns#> SELECT DISTINCT ?uriWHERE { res:Mount_Everest dbo:locatedInArea ?uri . ?uri rdf:type dbo:Country .}"
"262","WORKS","Who is the founder of Penguin Books?","SELECT ?objOfProp WHERE { ?Arg <http://dbpedia.org/ontology/foundedBy> ?objOfProp .}","PREFIX dbo: <http://dbpedia.org/ontology/>PREFIX res: <http://dbpedia.org/resource/>PREFIX rdf: <http://www.w3.org/1999/02/22-rdf-syntax-ns#> SELECT DISTINCT ?uriWHERE { res:Penguin_Books dbo:founder ?uri .}"
"263","-","Which programming languages influenced Javascript?","-","PREFIX dbo: <http://dbpedia.org/ontology/>PREFIX res: <http://dbpedia.org/resource/>PREFIX rdf: <http://www.w3.org/1999/02/22-rdf-syntax-ns#> SELECT DISTINCT ?uriWHERE { ?uri rdf:type dbo:ProgrammingLanguage . ?uri dbo:influenced res:JavaScript . }"
"264","-","Did Che Guevara have children?","-","PREFIX dbo: <http://dbpedia.org/ontology/>PREFIX res: <http://dbpedia.org/resource/>ASKWHERE { res:Che_Guevara dbo:child ?uri . }"
"265","-","List all the musicals with music by Elton John.","-","PREFIX dbo: <http://dbpedia.org/ontology/>PREFIX res: <http://dbpedia.org/resource/>PREFIX rdf: <http://www.w3.org/1999/02/22-rdf-syntax-ns#> SELECT DISTINCT ?uriWHERE { ?uri rdf:type dbo:Musical . ?uri dbo:musicBy res:Elton_John .}"
"266","-","Show me all the breweries in Australia.","-","PREFIX dbo: <http://dbpedia.org/ontology/>PREFIX res: <http://dbpedia.org/resource/>PREFIX rdf: <http://www.w3.org/1999/02/22-rdf-syntax-ns#> SELECT DISTINCT ?uri ?xWHERE { ?uri rdf:type dbo:Brewery . { ?uri dbo:location res:Australia . } UNION { ?uri dbo:location ?x . ?x dbo:country res:Australia . } }"
"267","WORKS","When was the Titanic completed?","SELECT ?objOfProp WHERE { ?Arg <http://dbpedia.org/ontology/buildingEndDate> ?objOfProp .}","PREFIX dbo: <http://dbpedia.org/ontology/>PREFIX res: <http://dbpedia.org/resource/>SELECT DISTINCT ?dateWHERE { res:RMS_Titanic dbo:completionDate ?date . }"
"268","WORKS","How much did Pulp Fiction cost?","SELECT ?objOfProp WHERE { <http://dbpedia.org/resource/Pulp_Fiction> <http://dbpedia.org/ontology/budget> ?objOfProp .}","PREFIX dbo: <http://dbpedia.org/ontology/>PREFIX res: <http://dbpedia.org/resource/>SELECT DISTINCT ?nWHERE { res:Pulp_Fiction dbo:budget ?n . }"
"269","-","How many airlines are there?","-","PREFIX dbo: <http://dbpedia.org/ontology/>PREFIX rdf: <http://www.w3.org/1999/02/22-rdf-syntax-ns#> SELECT COUNT(DISTINCT ?uri)WHERE { ?uri rdf:type dbo:Airline . }"
"270","WORKS","Who played Agent Smith in Matrix?","SELECT ?objOfProp WHERE { ?Arg <http://dbpedia.org/ontology/portrayer> ?objOfProp .}","PREFIX dbp: <http://dbpedia.org/property/>PREFIX res: <http://dbpedia.org/resource/>SELECT DISTINCT ?uriWHERE { res:Agent_Smith dbp:portrayer ?uri . }"
"271","-","How much carbs does peanut butter have?","-","PREFIX dbp: <http://dbpedia.org/property/>PREFIX res: <http://dbpedia.org/resource/>SELECT DISTINCT ?carbsWHERE { res:Peanut_butter dbp:carbs ?carbs .}"
"272","-","Which book has the most pages?","-","PREFIX dbo: <http://dbpedia.org/ontology/>PREFIX rdf: <http://www.w3.org/1999/02/22-rdf-syntax-ns#> SELECT DISTINCT ?uriWHERE { ?uri rdf:type dbo:Book . ?uri dbo:numberOfPages ?n .}ORDER BY DESC(?n)OFSET 0 LIMIT 1"
"273","-","Which bridges cross the Seine?","-","PREFIX dbo: <http://dbpedia.org/ontology/>PREFIX res: <http://dbpedia.org/resource/>PREFIX rdf: <http://www.w3.org/1999/02/22-rdf-syntax-ns#> SELECT DISTINCT ?uriWHERE { ?uri rdf:type dbo:Bridge . ?uri dbo:crosses res:Seine .}"
"274","WORKS","Who is the mayor of the capital of French Polynesia?","SELECT ?objOfProp WHERE { <http://dbpedia.org/resource/Papeete> <http://dbpedia.org/ontology/leaderName> ?objOfProp .}","PREFIX dbo: <http://dbpedia.org/ontology/>PREFIX res: <http://dbpedia.org/resource/>SELECT DISTINCT ?uri WHERE { res:French_Polynesia dbo:capital ?x . ?x dbo:mayor ?uri .}"
"275","-","When did Dracula's creator die?","-","PREFIX dbo: <http://dbpedia.org/ontology/>PREFIX res: <http://dbpedia.org/resource/>SELECT DISTINCT ?dateWHERE { res:Count_Dracula dbo:creator ?x . ?x dbo:deathDate ?date .}"
"276","WORKS","What is the location of the Houses of Parliament?","SELECT ?objOfProp WHERE { ?Arg <http://dbpedia.org/ontology/locatedInArea> ?objOfProp .}","PREFIX dbo: <http://dbpedia.org/ontology/> PREFIX res: <http://dbpedia.org/resource/> PREFIX rdf: <http://www.w3.org/1999/02/22-rdf-syntax-ns#> SELECT ?uri WHERE { res:Palace_of_Westminster dbo:location ?uri .}"
"277","-","Show me all English Gothic buildings in Kent.","-","PREFIX dbo: <http://dbpedia.org/ontology/> PREFIX res: <http://dbpedia.org/resource/> PREFIX rdf: <http://www.w3.org/1999/02/22-rdf-syntax-ns#> SELECT ?uri WHERE { ?uri rdf:type dbo:Building . ?uri dbo:architecturalStyle res:English_Gothic_architecture . ?uri dbo:location res:Kent .}"
"278","WORKS","Who was the pope that founded the Vatican Television?","SELECT ?objOfProp WHERE { ?Arg <http://dbpedia.org/ontology/foundedBy> ?objOfProp .}","PREFIX dbo: <http://dbpedia.org/ontology/> PREFIX res: <http://dbpedia.org/resource/> PREFIX rdf: <http://www.w3.org/1999/02/22-rdf-syntax-ns#> SELECT ?uri WHERE { ?uri rdf:type dbo:Pope . res:Vatican_Television_Center dbo:foundedBy ?uri .}"
"279","-","What airlines are part of the SkyTeam alliance?","-","PREFIX res: <http://dbpedia.org/resource/>PREFIX dbp: <http://dbpedia.org/property/> PREFIX dbo: <http://dbpedia.org/ontology/> PREFIX rdf: <http://www.w3.org/1999/02/22-rdf-syntax-ns#>SELECT DISTINCT ?uri WHERE { ?uri rdf:type dbo:Airline . { ?uri dbp:aliance res:SkyTeam . } UNION { ?uri dbo:Alliance res:SkyTeam . }"
"280","WORKS","What is the total population of Melbourne, Florida?","SELECT ?objOfProp WHERE { <http://dbpedia.org/resource/Melbourne> <http://dbpedia.org/ontology/populationTotal> ?objOfProp .}","PREFIX dbo: <http://dbpedia.org/ontology/> SELECT ?uri WHERE { <http://dbpedia.org/resource/Melbourne,_Florida> dbo:populationTotal ?uri .}"
"281","WORKS","Which airports does Air China serve?","SELECT ?objOfProp WHERE { <http://dbpedia.org/resource/Air_China> <http://dbpedia.org/ontology/targetAirport> ?objOfProp .}","PREFIX res: <http://dbpedia.org/resource/>PREFIX dbo: <http://dbpedia.org/ontology/> SELECT DISTINCT ?uri WHERE { res:Air_China dbo:targetAirport ?uri .}"
"282","WORKS","In which year was Rachel Stevens born?","SELECT ?objOfProp WHERE { <http://dbpedia.org/resource/Rachel_Stevens> <http://dbpedia.org/ontology/birthYear> ?objOfProp .}","PREFIX res: <http://dbpedia.org/resource/>PREFIX dbo: <http://dbpedia.org/ontology/> SELECT DISTINCT ?uri WHERE { res:Rachel_Stevens dbo:birthYear ?uri .}"
"283","-","Where was JFK assassinated?","-","PREFIX res: <http://dbpedia.org/resource/>PREFIX dbo: <http://dbpedia.org/ontology/> SELECT DISTINCT ?uri WHERE { res:John_F._Kennedy dbo:deathPlace ?uri .}"
"284","-","How many politicians graduated from Columbia University?","-","PREFIX res: <http://dbpedia.org/resource/>PREFIX dbo: <http://dbpedia.org/ontology/> SELECT DISTINCT COUNT(?uri) WHERE { ?uri dbo:profession res:Politician . ?uri dbo:almaMater res:Columbia_University .}"
"285","WORKS","Which scientist is known for the Manhattan Project and the Nobel Peace Prize?","SELECT ?subjOfProp WHERE { ?subjOfProp <http://dbpedia.org/ontology/knownFor> ?Arg .}","PREFIX res: <http://dbpedia.org/resource/>PREFIX dbo: <http://dbpedia.org/ontology/> PREFIX rdf: <http://www.w3.org/1999/02/22-rdf-syntax-ns#>SELECT DISTINCT ?uriWHERE { ?uri dbo:knownFor res:Manhattan_Project . ?uri rdf:type dbo:Scientist . ?uri dbo:knownFor res:Nobel_Peace_Prize .}"
"286","-","What is the highest volcano in Africa?","-","PREFIX dbo: <http://dbpedia.org/ontology/>PREFIX res: <http://dbpedia.org/resource/>PREFIX rdf: <http://www.w3.org/1999/02/22-rdf-syntax-ns#>PREFIX yago: <http://dbpedia.org/clas/yago/> SELECT DISTINCT ?uri WHERE { ?uri rdf:type dbo:Volcano . ?uri dbo:locatedInArea ?area . ?area rdf:type yago:AfricanCountries . ?uri dbo:elevation ?elevation .}ORDER BY DESC(?elevation) OFSET 0 LIMIT 1"
"287","-","Which beer originated in Ireland?","-","PREFIX res: <http://dbpedia.org/resource/>PREFIX dbp: <http://dbpedia.org/property/> SELECT DISTINCT ?uri WHERE { ?uri dbp:type res:Ber . ?uri dbp:origin Ireland@en .}"
"288","-","What are the specialities of the UNC Health Care?","-","PREFIX dbo: <http://dbpedia.org/ontology/>PREFIX res: <http://dbpedia.org/resource/>PREFIX dbp: <http://dbpedia.org/property/> PREFIX rdf: <http://www.w3.org/1999/02/22-rdf-syntax-ns#>SELECT DISTINCT ?uriWHERE { res:UNC_Health_Care dbp:speciality ?uri .}"
"289","-","Who is the owner of Facebook?","-","PREFIX dbo: <http://dbpedia.org/ontology/>PREFIX res: <http://dbpedia.org/resource/>SELECT DISTINCT ?uriWHERE { res:Facebook dbo:foundedBy ?uri .}"
"290","-","From which region is the Melon de Bourgogne?","-","PREFIX res: <http://dbpedia.org/resource/>PREFIX dbo: <http://dbpedia.org/ontology/> SELECT DISTINCT ?uriWHERE { res:Melon_de_Bourgogne dbo:wineRegion ?uri .}"
"291","-","Who was influenced by Socrates?","-","PREFIX res: <http://dbpedia.org/resource/>PREFIX dbo: <http://dbpedia.org/ontology/> SELECT DISTINCT ?uriWHERE { ?uri dbo:influencedBy res:Socrates .}"
"292","-","Who was president of Pakistan in 1978?","-","PREFIX res: <http://dbpedia.org/resource/>PREFIX dbp: <http://dbpedia.org/property/> SELECT DISTINCT ?uri WHERE { ?uri dbp:title res:President_of_Pakistan . ?uri dbp:years 1978 .}"
"293","-","Give me English actors starring in Lovesick.","-","PREFIX res: <http://dbpedia.org/resource/>PREFIX dbo: <http://dbpedia.org/ontology/> PREFIX yago: <http://dbpedia.org/clas/yago/> SELECT DISTINCT ?uriWHERE { res:Lovesick dbo:starring ?uri . { ?uri dbo:birthPlace res:England . } UNION { ?uri rdf:type yago:EnglishFilmActors . }"
"294","-","Give me all types of eating disorders.","-","PREFIX yago: <http://dbpedia.org/clas/yago/> PREFIX rdf: <http://www.w3.org/1999/02/22-rdf-syntax-ns#>SELECT DISTINCT ?uriWHERE { ?uri rdf:type yago:EatingDisorders .}"
"295","-","Who was married to president Chirac?","-","PREFIX dbo: <http://dbpedia.org/ontology/> PREFIX res: <http://dbpedia.org/resource/> SELECT DISTINCT ?uriWHERE { res:Jacques_Chirac dbo:spouse ?uri .}"
"296","-","What is the largest metropolitan area in Washington state?","-","PREFIX res: <http://dbpedia.org/resource/>PREFIX dbp: <http://dbpedia.org/property/> SELECT DISTINCT ?uriWHERE { <http://dbpedia.org/resource/Washington_(state)> dbp:largestmetro ?uri .}"
"297","-","Where in France is sparkling wine produced?","-","PREFIX res: <http://dbpedia.org/resource/>PREFIX dbo: <http://dbpedia.org/ontology/> SELECT DISTINCT ?uriWHERE { ?uri dbo:wineProduced res:Sparkling_wine . ?uri dbo:location res:France .}"
"298","-","Where did Hillel Slovak die?","-","PREFIX res: <http://dbpedia.org/resource/>PREFIX dbo: <http://dbpedia.org/ontology/> SELECT DISTINCT ?uriWHERE { res:Hillel_Slovak dbo:deathPlace ?uri .}"
"299","-","What is the timezone in San Pedro de Atacama?","-","PREFIX res: <http://dbpedia.org/resource/>PREFIX dbo: <http://dbpedia.org/timezone/> SELECT DISTINCT ?uriWHERE { res:San_Pedro_de_Atacama dbo:timezone ?uri .}"
"300","WORKS","In which city does the Chile Route 68 end?","SELECT ?objOfProp WHERE { <http://dbpedia.org/resource/Chile_Route_68> <http://dbpedia.org/ontology/routeEnd> ?objOfProp .}","PREFIX res: <http://dbpedia.org/resource/>PREFIX dbo: <http://dbpedia.org/ontology/> SELECT DISTINCT ?uriWHERE { res:Chile_Route_68 dbo:routeEnd ?uri .}"
